--------------------------------------------------------
-- Archivo creado  - sábado-junio-21-2025   
--------------------------------------------------------
--------------------------------------------------------
--  DDL for Sequence DBTOOLS$EXECUTION_HISTORY_SEQ
--------------------------------------------------------

   CREATE SEQUENCE  "TFGUBU"."DBTOOLS$EXECUTION_HISTORY_SEQ"  MINVALUE 1 MAXVALUE 9999999999999999999999999999 INCREMENT BY 1 START WITH 21 CACHE 20 NOORDER  NOCYCLE  NOKEEP  NOSCALE  GLOBAL ;
--------------------------------------------------------
--  DDL for Sequence DEPT_SEQ
--------------------------------------------------------

   CREATE SEQUENCE  "TFGUBU"."DEPT_SEQ"  MINVALUE 1 MAXVALUE 9999999999999999999999999999 INCREMENT BY 1 START WITH 50 CACHE 20 NOORDER  NOCYCLE  NOKEEP  NOSCALE  GLOBAL ;
--------------------------------------------------------
--  DDL for Sequence EMP_SEQ
--------------------------------------------------------

   CREATE SEQUENCE  "TFGUBU"."EMP_SEQ"  MINVALUE 1 MAXVALUE 9999999999999999999999999999 INCREMENT BY 1 START WITH 8000 CACHE 20 NOORDER  NOCYCLE  NOKEEP  NOSCALE  GLOBAL ;
--------------------------------------------------------
--  DDL for Sequence SEQ_CONVOCATORIA_REF
--------------------------------------------------------

   CREATE SEQUENCE  "TFGUBU"."SEQ_CONVOCATORIA_REF"  MINVALUE 1 MAXVALUE 9999999999999999999999999999 INCREMENT BY 1 START WITH 3 NOCACHE  NOORDER  NOCYCLE  NOKEEP  NOSCALE  GLOBAL ;
--------------------------------------------------------
--  DDL for Table APEX$TEAM_DEV_FILES
--------------------------------------------------------

  CREATE TABLE "TFGUBU"."APEX$TEAM_DEV_FILES" 
   (	"ID" NUMBER, 
	"ROW_VERSION_NUMBER" NUMBER, 
	"COMPONENT_ID" NUMBER, 
	"COMPONENT_TYPE" VARCHAR2(30 BYTE), 
	"FILENAME" VARCHAR2(4000 BYTE), 
	"FILE_MIMETYPE" VARCHAR2(512 BYTE), 
	"FILE_CHARSET" VARCHAR2(512 BYTE), 
	"FILE_BLOB" BLOB, 
	"FILE_COMMENTS" VARCHAR2(4000 BYTE), 
	"TAGS" VARCHAR2(4000 BYTE), 
	"CREATED" TIMESTAMP (6) WITH LOCAL TIME ZONE, 
	"CREATED_BY" VARCHAR2(255 BYTE), 
	"UPDATED" TIMESTAMP (6) WITH LOCAL TIME ZONE, 
	"UPDATED_BY" VARCHAR2(255 BYTE)
   ) SEGMENT CREATION DEFERRED 
  PCTFREE 10 PCTUSED 40 INITRANS 1 MAXTRANS 255 
 NOCOMPRESS LOGGING
  TABLESPACE "TFG_UBU" 
 LOB ("FILE_BLOB") STORE AS SECUREFILE (
  TABLESPACE "TFG_UBU" ENABLE STORAGE IN ROW 4000 CHUNK 8192
  NOCACHE LOGGING  NOCOMPRESS  KEEP_DUPLICATES ) ;
--------------------------------------------------------
--  DDL for Table CONTRATOS
--------------------------------------------------------

  CREATE TABLE "TFGUBU"."CONTRATOS" 
   (	"REF_CONTRATO" VARCHAR2(10 BYTE), 
	"F_INI" DATE, 
	"F_FIN" DATE, 
	"RET_TOT" NUMBER(7,2) DEFAULT 0, 
	"RET_MES" NUMBER(6,2) DEFAULT 0, 
	"SS_MES" NUMBER(6,2) DEFAULT 0, 
	"CONTRATADO" VARCHAR2(9 BYTE), 
	"RESERVA" NUMBER(7,2) DEFAULT 0, 
	"OBSERVACIONES" VARCHAR2(200 BYTE), 
	"CONVOCATORIA" VARCHAR2(10 BYTE), 
	"INDEMNIZACION" NUMBER(7,2)
   ) SEGMENT CREATION IMMEDIATE 
  PCTFREE 10 PCTUSED 40 INITRANS 1 MAXTRANS 255 
 NOCOMPRESS LOGGING
  STORAGE(INITIAL 65536 NEXT 1048576 MINEXTENTS 1 MAXEXTENTS 2147483645
  PCTINCREASE 0 FREELISTS 1 FREELIST GROUPS 1
  BUFFER_POOL DEFAULT FLASH_CACHE DEFAULT CELL_FLASH_CACHE DEFAULT)
  TABLESPACE "TFG_UBU" ;
--------------------------------------------------------
--  DDL for Table CONVOCATORIA
--------------------------------------------------------

  CREATE TABLE "TFGUBU"."CONVOCATORIA" 
   (	"REFERENCIA" VARCHAR2(10 BYTE), 
	"TITULO" VARCHAR2(50 BYTE), 
	"TIT_REQUERIDA" VARCHAR2(10 BYTE), 
	"ABIERTO" NUMBER(1,0) DEFAULT 1, 
	"REF_INV" VARCHAR2(9 BYTE), 
	"REF_PROY" VARCHAR2(6 BYTE), 
	"NUM_PLAZAS" NUMBER(*,0) DEFAULT 1
   ) SEGMENT CREATION IMMEDIATE 
  PCTFREE 10 PCTUSED 40 INITRANS 1 MAXTRANS 255 
 NOCOMPRESS LOGGING
  STORAGE(INITIAL 65536 NEXT 1048576 MINEXTENTS 1 MAXEXTENTS 2147483645
  PCTINCREASE 0 FREELISTS 1 FREELIST GROUPS 1
  BUFFER_POOL DEFAULT FLASH_CACHE DEFAULT CELL_FLASH_CACHE DEFAULT)
  TABLESPACE "TFG_UBU" ;
--------------------------------------------------------
--  DDL for Table DBTOOLS$EXECUTION_HISTORY
--------------------------------------------------------

  CREATE TABLE "TFGUBU"."DBTOOLS$EXECUTION_HISTORY" 
   (	"ID" NUMBER, 
	"HASH" CLOB, 
	"CREATED_BY" VARCHAR2(255 BYTE), 
	"CREATED_ON" TIMESTAMP (6) WITH TIME ZONE, 
	"UPDATED_BY" VARCHAR2(255 BYTE), 
	"UPDATED_ON" TIMESTAMP (6) WITH TIME ZONE, 
	"STATEMENT" CLOB, 
	"TIMES" NUMBER
   ) SEGMENT CREATION IMMEDIATE 
  PCTFREE 10 PCTUSED 40 INITRANS 1 MAXTRANS 255 
 NOCOMPRESS LOGGING
  STORAGE(INITIAL 65536 NEXT 1048576 MINEXTENTS 1 MAXEXTENTS 2147483645
  PCTINCREASE 0 FREELISTS 1 FREELIST GROUPS 1
  BUFFER_POOL DEFAULT FLASH_CACHE DEFAULT CELL_FLASH_CACHE DEFAULT)
  TABLESPACE "TFG_UBU" 
 LOB ("HASH") STORE AS SECUREFILE (
  TABLESPACE "TFG_UBU" ENABLE STORAGE IN ROW 4000 CHUNK 8192
  NOCACHE LOGGING  NOCOMPRESS  KEEP_DUPLICATES 
  STORAGE(INITIAL 262144 NEXT 1048576 MINEXTENTS 1 MAXEXTENTS 2147483645
  PCTINCREASE 0
  BUFFER_POOL DEFAULT FLASH_CACHE DEFAULT CELL_FLASH_CACHE DEFAULT)) 
 LOB ("STATEMENT") STORE AS SECUREFILE (
  TABLESPACE "TFG_UBU" ENABLE STORAGE IN ROW 4000 CHUNK 8192
  NOCACHE LOGGING  NOCOMPRESS  KEEP_DUPLICATES 
  STORAGE(INITIAL 262144 NEXT 1048576 MINEXTENTS 1 MAXEXTENTS 2147483645
  PCTINCREASE 0
  BUFFER_POOL DEFAULT FLASH_CACHE DEFAULT CELL_FLASH_CACHE DEFAULT)) ;
--------------------------------------------------------
--  DDL for Table DEPT
--------------------------------------------------------

  CREATE TABLE "TFGUBU"."DEPT" 
   (	"DEPTNO" NUMBER(2,0), 
	"DNAME" VARCHAR2(14 BYTE), 
	"LOC" VARCHAR2(13 BYTE)
   ) SEGMENT CREATION IMMEDIATE 
  PCTFREE 10 PCTUSED 40 INITRANS 1 MAXTRANS 255 
 NOCOMPRESS LOGGING
  STORAGE(INITIAL 65536 NEXT 1048576 MINEXTENTS 1 MAXEXTENTS 2147483645
  PCTINCREASE 0 FREELISTS 1 FREELIST GROUPS 1
  BUFFER_POOL DEFAULT FLASH_CACHE DEFAULT CELL_FLASH_CACHE DEFAULT)
  TABLESPACE "TFG_UBU" ;
--------------------------------------------------------
--  DDL for Table DEPTOS
--------------------------------------------------------

  CREATE TABLE "TFGUBU"."DEPTOS" 
   (	"REF" VARCHAR2(4 BYTE), 
	"NOMBRE" VARCHAR2(50 BYTE)
   ) SEGMENT CREATION IMMEDIATE 
  PCTFREE 10 PCTUSED 40 INITRANS 1 MAXTRANS 255 
 NOCOMPRESS LOGGING
  STORAGE(INITIAL 65536 NEXT 1048576 MINEXTENTS 1 MAXEXTENTS 2147483645
  PCTINCREASE 0 FREELISTS 1 FREELIST GROUPS 1
  BUFFER_POOL DEFAULT FLASH_CACHE DEFAULT CELL_FLASH_CACHE DEFAULT)
  TABLESPACE "TFG_UBU" ;
--------------------------------------------------------
--  DDL for Table EMP
--------------------------------------------------------

  CREATE TABLE "TFGUBU"."EMP" 
   (	"EMPNO" NUMBER(4,0), 
	"ENAME" VARCHAR2(10 BYTE), 
	"JOB" VARCHAR2(9 BYTE), 
	"MGR" NUMBER(4,0), 
	"HIREDATE" DATE, 
	"SAL" NUMBER(7,2), 
	"COMM" NUMBER(7,2), 
	"DEPTNO" NUMBER(2,0)
   ) SEGMENT CREATION IMMEDIATE 
  PCTFREE 10 PCTUSED 40 INITRANS 1 MAXTRANS 255 
 NOCOMPRESS LOGGING
  STORAGE(INITIAL 65536 NEXT 1048576 MINEXTENTS 1 MAXEXTENTS 2147483645
  PCTINCREASE 0 FREELISTS 1 FREELIST GROUPS 1
  BUFFER_POOL DEFAULT FLASH_CACHE DEFAULT CELL_FLASH_CACHE DEFAULT)
  TABLESPACE "TFG_UBU" ;
--------------------------------------------------------
--  DDL for Table NOMINA
--------------------------------------------------------

  CREATE TABLE "TFGUBU"."NOMINA" 
   (	"DNI_NOM" VARCHAR2(9 BYTE), 
	"MES" NUMBER(2,0), 
	"ANNO" NUMBER(2,0) DEFAULT 0, 
	"MENSUALIDAD" NUMBER(6,2) DEFAULT 0, 
	"SEG_SOC" NUMBER(6,2) DEFAULT 0, 
	"OBSERVACIONES" VARCHAR2(20 BYTE)
   ) SEGMENT CREATION IMMEDIATE 
  PCTFREE 10 PCTUSED 40 INITRANS 1 MAXTRANS 255 
 NOCOMPRESS LOGGING
  STORAGE(INITIAL 65536 NEXT 1048576 MINEXTENTS 1 MAXEXTENTS 2147483645
  PCTINCREASE 0 FREELISTS 1 FREELIST GROUPS 1
  BUFFER_POOL DEFAULT FLASH_CACHE DEFAULT CELL_FLASH_CACHE DEFAULT)
  TABLESPACE "TFG_UBU" ;
--------------------------------------------------------
--  DDL for Table PROYECTO
--------------------------------------------------------

  CREATE TABLE "TFGUBU"."PROYECTO" 
   (	"ORGANICA" VARCHAR2(6 BYTE), 
	"TITULO" VARCHAR2(200 BYTE), 
	"RESPONSABLE" VARCHAR2(9 BYTE), 
	"FECHA_INI" DATE, 
	"FECHA_FIN" DATE
   ) SEGMENT CREATION IMMEDIATE 
  PCTFREE 10 PCTUSED 40 INITRANS 1 MAXTRANS 255 
 NOCOMPRESS LOGGING
  STORAGE(INITIAL 65536 NEXT 1048576 MINEXTENTS 1 MAXEXTENTS 2147483645
  PCTINCREASE 0 FREELISTS 1 FREELIST GROUPS 1
  BUFFER_POOL DEFAULT FLASH_CACHE DEFAULT CELL_FLASH_CACHE DEFAULT)
  TABLESPACE "TFG_UBU" ;
--------------------------------------------------------
--  DDL for Table RESPONSABLE
--------------------------------------------------------

  CREATE TABLE "TFGUBU"."RESPONSABLE" 
   (	"DNI" VARCHAR2(9 BYTE), 
	"APE1" VARCHAR2(20 BYTE), 
	"APE2" VARCHAR2(20 BYTE), 
	"NOMBRE" VARCHAR2(20 BYTE), 
	"DEPTO" VARCHAR2(20 BYTE)
   ) SEGMENT CREATION IMMEDIATE 
  PCTFREE 10 PCTUSED 40 INITRANS 1 MAXTRANS 255 
 NOCOMPRESS LOGGING
  STORAGE(INITIAL 65536 NEXT 1048576 MINEXTENTS 1 MAXEXTENTS 2147483645
  PCTINCREASE 0 FREELISTS 1 FREELIST GROUPS 1
  BUFFER_POOL DEFAULT FLASH_CACHE DEFAULT CELL_FLASH_CACHE DEFAULT)
  TABLESPACE "TFG_UBU" ;
--------------------------------------------------------
--  DDL for Table SOLICITANTE
--------------------------------------------------------

  CREATE TABLE "TFGUBU"."SOLICITANTE" 
   (	"DNI_SOL" VARCHAR2(9 BYTE), 
	"APE1_SOL" VARCHAR2(20 BYTE), 
	"APE2_SOL" VARCHAR2(20 BYTE), 
	"NOM_SOL" VARCHAR2(20 BYTE), 
	"TIT_SOL" VARCHAR2(20 BYTE), 
	"REF_CON" VARCHAR2(20 BYTE)
   ) SEGMENT CREATION IMMEDIATE 
  PCTFREE 10 PCTUSED 40 INITRANS 1 MAXTRANS 255 
 NOCOMPRESS LOGGING
  STORAGE(INITIAL 65536 NEXT 1048576 MINEXTENTS 1 MAXEXTENTS 2147483645
  PCTINCREASE 0 FREELISTS 1 FREELIST GROUPS 1
  BUFFER_POOL DEFAULT FLASH_CACHE DEFAULT CELL_FLASH_CACHE DEFAULT)
  TABLESPACE "TFG_UBU" ;
REM INSERTING into TFGUBU.APEX$TEAM_DEV_FILES
SET DEFINE OFF;
REM INSERTING into TFGUBU.CONTRATOS
SET DEFINE OFF;
REM INSERTING into TFGUBU.CONVOCATORIA
SET DEFINE OFF;
Insert into TFGUBU.CONVOCATORIA (REFERENCIA,TITULO,TIT_REQUERIDA,ABIERTO,REF_INV,REF_PROY,NUM_PLAZAS) values ('convo01','Prueba1','Master','1','00000002B','ORGA02','1');
Insert into TFGUBU.CONVOCATORIA (REFERENCIA,TITULO,TIT_REQUERIDA,ABIERTO,REF_INV,REF_PROY,NUM_PLAZAS) values ('CONVO02','PRUEBA 2','FP-Medio','1','00000074A','ORGA53','1');
REM INSERTING into TFGUBU.DBTOOLS$EXECUTION_HISTORY
SET DEFINE OFF;
Insert into TFGUBU.DBTOOLS$EXECUTION_HISTORY (ID,CREATED_BY,CREATED_ON,UPDATED_BY,UPDATED_ON,TIMES) values ('2','TFGUBU',to_timestamp_tz('21/06/25 12:26:26,736002000 +02:00','DD/MM/RR HH24:MI:SSXFF TZR'),'TFGUBU',to_timestamp_tz('21/06/25 12:26:26,736002000 +02:00','DD/MM/RR HH24:MI:SSXFF TZR'),'1');
Insert into TFGUBU.DBTOOLS$EXECUTION_HISTORY (ID,CREATED_BY,CREATED_ON,UPDATED_BY,UPDATED_ON,TIMES) values ('1','TFGUBU',to_timestamp_tz('21/06/25 12:25:30,315692000 +02:00','DD/MM/RR HH24:MI:SSXFF TZR'),'TFGUBU',to_timestamp_tz('21/06/25 12:25:30,315692000 +02:00','DD/MM/RR HH24:MI:SSXFF TZR'),'1');
REM INSERTING into TFGUBU.DEPT
SET DEFINE OFF;
Insert into TFGUBU.DEPT (DEPTNO,DNAME,LOC) values ('10','ACCOUNTING','NEW YORK');
Insert into TFGUBU.DEPT (DEPTNO,DNAME,LOC) values ('20','RESEARCH','DALLAS');
Insert into TFGUBU.DEPT (DEPTNO,DNAME,LOC) values ('30','SALES','CHICAGO');
Insert into TFGUBU.DEPT (DEPTNO,DNAME,LOC) values ('40','OPERATIONS','BOSTON');
REM INSERTING into TFGUBU.DEPTOS
SET DEFINE OFF;
Insert into TFGUBU.DEPTOS (REF,NOMBRE) values ('V105','BIOTECNOLOGIA Y CIENCIA DE LOS ALIMENTOS');
Insert into TFGUBU.DEPTOS (REF,NOMBRE) values ('V112','CIENCIAS DE LA EDUCACION');
Insert into TFGUBU.DEPTOS (REF,NOMBRE) values ('V123','DIGITALIZACION');
Insert into TFGUBU.DEPTOS (REF,NOMBRE) values ('V110','ECONOMIA');
Insert into TFGUBU.DEPTOS (REF,NOMBRE) values ('V103','FISICA');
Insert into TFGUBU.DEPTOS (REF,NOMBRE) values ('V122','INGENIERIA DE ORGANIZACIÓN');
Insert into TFGUBU.DEPTOS (REF,NOMBRE) values ('V121','INGENIERIA INFORMATICA');
Insert into TFGUBU.DEPTOS (REF,NOMBRE) values ('V118','INGENIERIA CIVIL');
Insert into TFGUBU.DEPTOS (REF,NOMBRE) values ('V104','QUIMICA');
REM INSERTING into TFGUBU.EMP
SET DEFINE OFF;
Insert into TFGUBU.EMP (EMPNO,ENAME,JOB,MGR,HIREDATE,SAL,COMM,DEPTNO) values ('7839','KING','PRESIDENT',null,to_date('17/11/81','DD/MM/RR'),'5000',null,'10');
Insert into TFGUBU.EMP (EMPNO,ENAME,JOB,MGR,HIREDATE,SAL,COMM,DEPTNO) values ('7698','BLAKE','MANAGER','7839',to_date('01/05/81','DD/MM/RR'),'2850',null,'30');
Insert into TFGUBU.EMP (EMPNO,ENAME,JOB,MGR,HIREDATE,SAL,COMM,DEPTNO) values ('7782','CLARK','MANAGER','7839',to_date('09/06/81','DD/MM/RR'),'2450',null,'10');
Insert into TFGUBU.EMP (EMPNO,ENAME,JOB,MGR,HIREDATE,SAL,COMM,DEPTNO) values ('7566','JONES','MANAGER','7839',to_date('02/04/81','DD/MM/RR'),'2975',null,'20');
Insert into TFGUBU.EMP (EMPNO,ENAME,JOB,MGR,HIREDATE,SAL,COMM,DEPTNO) values ('7788','SCOTT','ANALYST','7566',to_date('09/12/82','DD/MM/RR'),'3000',null,'20');
Insert into TFGUBU.EMP (EMPNO,ENAME,JOB,MGR,HIREDATE,SAL,COMM,DEPTNO) values ('7902','FORD','ANALYST','7566',to_date('03/12/81','DD/MM/RR'),'3000',null,'20');
Insert into TFGUBU.EMP (EMPNO,ENAME,JOB,MGR,HIREDATE,SAL,COMM,DEPTNO) values ('7369','SMITH','CLERK','7902',to_date('17/12/80','DD/MM/RR'),'800',null,'20');
Insert into TFGUBU.EMP (EMPNO,ENAME,JOB,MGR,HIREDATE,SAL,COMM,DEPTNO) values ('7499','ALLEN','SALESMAN','7698',to_date('20/02/81','DD/MM/RR'),'1600','300','30');
Insert into TFGUBU.EMP (EMPNO,ENAME,JOB,MGR,HIREDATE,SAL,COMM,DEPTNO) values ('7521','WARD','SALESMAN','7698',to_date('22/02/81','DD/MM/RR'),'1250','500','30');
Insert into TFGUBU.EMP (EMPNO,ENAME,JOB,MGR,HIREDATE,SAL,COMM,DEPTNO) values ('7654','MARTIN','SALESMAN','7698',to_date('28/09/81','DD/MM/RR'),'1250','1400','30');
Insert into TFGUBU.EMP (EMPNO,ENAME,JOB,MGR,HIREDATE,SAL,COMM,DEPTNO) values ('7844','TURNER','SALESMAN','7698',to_date('08/09/81','DD/MM/RR'),'1500','0','30');
Insert into TFGUBU.EMP (EMPNO,ENAME,JOB,MGR,HIREDATE,SAL,COMM,DEPTNO) values ('7876','ADAMS','CLERK','7788',to_date('12/01/83','DD/MM/RR'),'1100',null,'20');
Insert into TFGUBU.EMP (EMPNO,ENAME,JOB,MGR,HIREDATE,SAL,COMM,DEPTNO) values ('7900','JAMES','CLERK','7698',to_date('03/12/81','DD/MM/RR'),'950',null,'30');
Insert into TFGUBU.EMP (EMPNO,ENAME,JOB,MGR,HIREDATE,SAL,COMM,DEPTNO) values ('7934','MILLER','CLERK','7782',to_date('23/01/82','DD/MM/RR'),'1300',null,'10');
REM INSERTING into TFGUBU.NOMINA
SET DEFINE OFF;
REM INSERTING into TFGUBU.PROYECTO
SET DEFINE OFF;
Insert into TFGUBU.PROYECTO (ORGANICA,TITULO,RESPONSABLE,FECHA_INI,FECHA_FIN) values ('ORGA02','Paleontología en Burgos','00000002B',to_date('01/10/24','DD/MM/RR'),to_date('30/09/25','DD/MM/RR'));
Insert into TFGUBU.PROYECTO (ORGANICA,TITULO,RESPONSABLE,FECHA_INI,FECHA_FIN) values ('ORGA03','Proyecto de Investigación - VEC4VT','00000045A',to_date('01/09/23','DD/MM/RR'),to_date('31/08/25','DD/MM/RR'));
Insert into TFGUBU.PROYECTO (ORGANICA,TITULO,RESPONSABLE,FECHA_INI,FECHA_FIN) values ('ORGA04','Proyecto de Investigación - PBV893','00000048A',to_date('01/11/25','DD/MM/RR'),to_date('31/10/29','DD/MM/RR'));
Insert into TFGUBU.PROYECTO (ORGANICA,TITULO,RESPONSABLE,FECHA_INI,FECHA_FIN) values ('ORGA05','Proyecto de Investigación - MPRKLK','00000063A',to_date('01/11/25','DD/MM/RR'),to_date('31/10/28','DD/MM/RR'));
Insert into TFGUBU.PROYECTO (ORGANICA,TITULO,RESPONSABLE,FECHA_INI,FECHA_FIN) values ('ORGA06','Proyecto de Investigación - 6RLX9B','00000093A',to_date('01/11/23','DD/MM/RR'),to_date('31/10/25','DD/MM/RR'));
Insert into TFGUBU.PROYECTO (ORGANICA,TITULO,RESPONSABLE,FECHA_INI,FECHA_FIN) values ('ORGA07','Proyecto de Investigación - LULKDY','00000054A',to_date('01/11/21','DD/MM/RR'),to_date('31/10/25','DD/MM/RR'));
Insert into TFGUBU.PROYECTO (ORGANICA,TITULO,RESPONSABLE,FECHA_INI,FECHA_FIN) values ('ORGA08','Proyecto de Investigación - B0HS8H','00000066A',to_date('01/01/21','DD/MM/RR'),to_date('31/12/22','DD/MM/RR'));
Insert into TFGUBU.PROYECTO (ORGANICA,TITULO,RESPONSABLE,FECHA_INI,FECHA_FIN) values ('ORGA09','Proyecto de Investigación - FZ9SBA','00000039A',to_date('01/11/24','DD/MM/RR'),to_date('31/10/26','DD/MM/RR'));
Insert into TFGUBU.PROYECTO (ORGANICA,TITULO,RESPONSABLE,FECHA_INI,FECHA_FIN) values ('ORGA10','Proyecto de Investigación - JG6M1D','00000039A',to_date('01/01/21','DD/MM/RR'),to_date('31/12/24','DD/MM/RR'));
Insert into TFGUBU.PROYECTO (ORGANICA,TITULO,RESPONSABLE,FECHA_INI,FECHA_FIN) values ('ORGA11','Proyecto de Investigación - ASS4OG','00000093A',to_date('01/01/20','DD/MM/RR'),to_date('31/12/24','DD/MM/RR'));
Insert into TFGUBU.PROYECTO (ORGANICA,TITULO,RESPONSABLE,FECHA_INI,FECHA_FIN) values ('ORGA12','Proyecto de Investigación - 17RLN9','00000054A',to_date('01/07/24','DD/MM/RR'),to_date('30/06/25','DD/MM/RR'));
Insert into TFGUBU.PROYECTO (ORGANICA,TITULO,RESPONSABLE,FECHA_INI,FECHA_FIN) values ('ORGA13','Proyecto de Investigación - 0JL9I2','00000022A',to_date('01/11/21','DD/MM/RR'),to_date('31/10/24','DD/MM/RR'));
Insert into TFGUBU.PROYECTO (ORGANICA,TITULO,RESPONSABLE,FECHA_INI,FECHA_FIN) values ('ORGA14','Proyecto de Investigación - 1X5WCS','00000038A',to_date('01/01/25','DD/MM/RR'),to_date('31/12/26','DD/MM/RR'));
Insert into TFGUBU.PROYECTO (ORGANICA,TITULO,RESPONSABLE,FECHA_INI,FECHA_FIN) values ('ORGA15','Proyecto de Investigación - S3VPUT','00000016A',to_date('01/09/22','DD/MM/RR'),to_date('31/08/26','DD/MM/RR'));
Insert into TFGUBU.PROYECTO (ORGANICA,TITULO,RESPONSABLE,FECHA_INI,FECHA_FIN) values ('ORGA16','Proyecto de Investigación - PWJYJ1','00000071A',to_date('01/09/24','DD/MM/RR'),to_date('31/08/28','DD/MM/RR'));
Insert into TFGUBU.PROYECTO (ORGANICA,TITULO,RESPONSABLE,FECHA_INI,FECHA_FIN) values ('ORGA17','Proyecto de Investigación - NR5V0J','00000100A',to_date('01/09/21','DD/MM/RR'),to_date('31/08/25','DD/MM/RR'));
Insert into TFGUBU.PROYECTO (ORGANICA,TITULO,RESPONSABLE,FECHA_INI,FECHA_FIN) values ('ORGA18','Proyecto de Investigación - 0CTOD3','00000012A',to_date('01/09/25','DD/MM/RR'),to_date('31/08/28','DD/MM/RR'));
Insert into TFGUBU.PROYECTO (ORGANICA,TITULO,RESPONSABLE,FECHA_INI,FECHA_FIN) values ('ORGA19','Proyecto de Investigación - YZNVE0','00000046A',to_date('01/11/25','DD/MM/RR'),to_date('31/10/28','DD/MM/RR'));
Insert into TFGUBU.PROYECTO (ORGANICA,TITULO,RESPONSABLE,FECHA_INI,FECHA_FIN) values ('ORGA20','Proyecto de Investigación - 40X80Q','00000042A',to_date('01/09/23','DD/MM/RR'),to_date('31/08/26','DD/MM/RR'));
Insert into TFGUBU.PROYECTO (ORGANICA,TITULO,RESPONSABLE,FECHA_INI,FECHA_FIN) values ('ORGA21','Proyecto de Investigación - NHRE2V','00000074A',to_date('01/01/24','DD/MM/RR'),to_date('31/12/28','DD/MM/RR'));
Insert into TFGUBU.PROYECTO (ORGANICA,TITULO,RESPONSABLE,FECHA_INI,FECHA_FIN) values ('ORGA22','Proyecto de Investigación - DQCIHQ','00000083A',to_date('01/09/24','DD/MM/RR'),to_date('31/08/28','DD/MM/RR'));
Insert into TFGUBU.PROYECTO (ORGANICA,TITULO,RESPONSABLE,FECHA_INI,FECHA_FIN) values ('ORGA23','Proyecto de Investigación - X2MBQ1','00000027A',to_date('01/07/23','DD/MM/RR'),to_date('30/06/27','DD/MM/RR'));
Insert into TFGUBU.PROYECTO (ORGANICA,TITULO,RESPONSABLE,FECHA_INI,FECHA_FIN) values ('ORGA24','Proyecto de Investigación - W1UL1X','00000016A',to_date('01/07/20','DD/MM/RR'),to_date('30/06/23','DD/MM/RR'));
Insert into TFGUBU.PROYECTO (ORGANICA,TITULO,RESPONSABLE,FECHA_INI,FECHA_FIN) values ('ORGA25','Proyecto de Investigación - 1A8641','00000079A',to_date('01/11/25','DD/MM/RR'),to_date('31/10/29','DD/MM/RR'));
Insert into TFGUBU.PROYECTO (ORGANICA,TITULO,RESPONSABLE,FECHA_INI,FECHA_FIN) values ('ORGA26','Proyecto de Investigación - I9NDLZ','00000030A',to_date('01/11/22','DD/MM/RR'),to_date('31/10/26','DD/MM/RR'));
Insert into TFGUBU.PROYECTO (ORGANICA,TITULO,RESPONSABLE,FECHA_INI,FECHA_FIN) values ('ORGA27','Proyecto de Investigación - 5Z5A0G','00000082A',to_date('01/01/20','DD/MM/RR'),to_date('31/12/21','DD/MM/RR'));
Insert into TFGUBU.PROYECTO (ORGANICA,TITULO,RESPONSABLE,FECHA_INI,FECHA_FIN) values ('ORGA28','Proyecto de Investigación - 76XHUS','00000038A',to_date('01/11/20','DD/MM/RR'),to_date('31/10/22','DD/MM/RR'));
Insert into TFGUBU.PROYECTO (ORGANICA,TITULO,RESPONSABLE,FECHA_INI,FECHA_FIN) values ('ORGA29','Proyecto de Investigación - A1L29P','00000056A',to_date('01/09/24','DD/MM/RR'),to_date('31/08/26','DD/MM/RR'));
Insert into TFGUBU.PROYECTO (ORGANICA,TITULO,RESPONSABLE,FECHA_INI,FECHA_FIN) values ('ORGA30','Proyecto de Investigación - SIH6B6','00000076A',to_date('01/01/24','DD/MM/RR'),to_date('31/12/28','DD/MM/RR'));
Insert into TFGUBU.PROYECTO (ORGANICA,TITULO,RESPONSABLE,FECHA_INI,FECHA_FIN) values ('ORGA31','Proyecto de Investigación - 8L1DW1','00000049A',to_date('01/01/20','DD/MM/RR'),to_date('31/12/24','DD/MM/RR'));
Insert into TFGUBU.PROYECTO (ORGANICA,TITULO,RESPONSABLE,FECHA_INI,FECHA_FIN) values ('ORGA32','Proyecto de Investigación - FB01CJ','00000045A',to_date('01/09/25','DD/MM/RR'),to_date('31/08/29','DD/MM/RR'));
Insert into TFGUBU.PROYECTO (ORGANICA,TITULO,RESPONSABLE,FECHA_INI,FECHA_FIN) values ('ORGA33','Proyecto de Investigación - JEUSMW','00000025A',to_date('01/09/25','DD/MM/RR'),to_date('31/08/27','DD/MM/RR'));
Insert into TFGUBU.PROYECTO (ORGANICA,TITULO,RESPONSABLE,FECHA_INI,FECHA_FIN) values ('ORGA34','Proyecto de Investigación - ON3C8R','00000011A',to_date('01/01/24','DD/MM/RR'),to_date('31/12/26','DD/MM/RR'));
Insert into TFGUBU.PROYECTO (ORGANICA,TITULO,RESPONSABLE,FECHA_INI,FECHA_FIN) values ('ORGA35','Proyecto de Investigación - LCPRB8','00000073A',to_date('01/07/24','DD/MM/RR'),to_date('30/06/26','DD/MM/RR'));
Insert into TFGUBU.PROYECTO (ORGANICA,TITULO,RESPONSABLE,FECHA_INI,FECHA_FIN) values ('ORGA36','Proyecto de Investigación - T02UIR','00000023A',to_date('01/07/22','DD/MM/RR'),to_date('30/06/23','DD/MM/RR'));
Insert into TFGUBU.PROYECTO (ORGANICA,TITULO,RESPONSABLE,FECHA_INI,FECHA_FIN) values ('ORGA37','Proyecto de Investigación - 06BO1P','00000080A',to_date('01/07/21','DD/MM/RR'),to_date('30/06/24','DD/MM/RR'));
Insert into TFGUBU.PROYECTO (ORGANICA,TITULO,RESPONSABLE,FECHA_INI,FECHA_FIN) values ('ORGA38','Proyecto de Investigación - L5A95H','00000036A',to_date('01/09/25','DD/MM/RR'),to_date('31/08/28','DD/MM/RR'));
Insert into TFGUBU.PROYECTO (ORGANICA,TITULO,RESPONSABLE,FECHA_INI,FECHA_FIN) values ('ORGA39','Proyecto de Investigación - AHU16T','00000033A',to_date('01/11/20','DD/MM/RR'),to_date('31/10/24','DD/MM/RR'));
Insert into TFGUBU.PROYECTO (ORGANICA,TITULO,RESPONSABLE,FECHA_INI,FECHA_FIN) values ('ORGA40','Proyecto de Investigación - PXRPAF','00000067A',to_date('01/09/22','DD/MM/RR'),to_date('31/08/26','DD/MM/RR'));
Insert into TFGUBU.PROYECTO (ORGANICA,TITULO,RESPONSABLE,FECHA_INI,FECHA_FIN) values ('ORGA41','Proyecto de Investigación - YR20VG','00000029A',to_date('01/01/23','DD/MM/RR'),to_date('31/12/26','DD/MM/RR'));
Insert into TFGUBU.PROYECTO (ORGANICA,TITULO,RESPONSABLE,FECHA_INI,FECHA_FIN) values ('ORGA42','Proyecto de Investigación - NWXAWO','00000029A',to_date('01/11/24','DD/MM/RR'),to_date('31/10/27','DD/MM/RR'));
Insert into TFGUBU.PROYECTO (ORGANICA,TITULO,RESPONSABLE,FECHA_INI,FECHA_FIN) values ('ORGA43','Proyecto de Investigación - QU37RB','00000039A',to_date('01/07/25','DD/MM/RR'),to_date('30/06/27','DD/MM/RR'));
Insert into TFGUBU.PROYECTO (ORGANICA,TITULO,RESPONSABLE,FECHA_INI,FECHA_FIN) values ('ORGA44','Proyecto de Investigación - MEUSIT','00000011A',to_date('01/07/20','DD/MM/RR'),to_date('30/06/24','DD/MM/RR'));
Insert into TFGUBU.PROYECTO (ORGANICA,TITULO,RESPONSABLE,FECHA_INI,FECHA_FIN) values ('ORGA45','Proyecto de Investigación - LU1KF4','00000091A',to_date('01/11/23','DD/MM/RR'),to_date('31/10/25','DD/MM/RR'));
Insert into TFGUBU.PROYECTO (ORGANICA,TITULO,RESPONSABLE,FECHA_INI,FECHA_FIN) values ('ORGA46','Proyecto de Investigación - 13ITJ2','00000066A',to_date('01/11/21','DD/MM/RR'),to_date('31/10/25','DD/MM/RR'));
Insert into TFGUBU.PROYECTO (ORGANICA,TITULO,RESPONSABLE,FECHA_INI,FECHA_FIN) values ('ORGA47','Proyecto de Investigación - WYTBL5','00000073A',to_date('01/01/21','DD/MM/RR'),to_date('31/12/22','DD/MM/RR'));
Insert into TFGUBU.PROYECTO (ORGANICA,TITULO,RESPONSABLE,FECHA_INI,FECHA_FIN) values ('ORGA48','Proyecto de Investigación - JMZ8PZ','00000085A',to_date('01/01/25','DD/MM/RR'),to_date('31/12/28','DD/MM/RR'));
Insert into TFGUBU.PROYECTO (ORGANICA,TITULO,RESPONSABLE,FECHA_INI,FECHA_FIN) values ('ORGA49','Proyecto de Investigación - JWJWIK','00000089A',to_date('01/07/21','DD/MM/RR'),to_date('30/06/22','DD/MM/RR'));
Insert into TFGUBU.PROYECTO (ORGANICA,TITULO,RESPONSABLE,FECHA_INI,FECHA_FIN) values ('ORGA50','Proyecto de Investigación - YT0YWA','00000016A',to_date('01/11/24','DD/MM/RR'),to_date('31/10/26','DD/MM/RR'));
Insert into TFGUBU.PROYECTO (ORGANICA,TITULO,RESPONSABLE,FECHA_INI,FECHA_FIN) values ('ORGA51','Proyecto de Investigación - K34GVC','00000048A',to_date('01/11/25','DD/MM/RR'),to_date('31/10/26','DD/MM/RR'));
Insert into TFGUBU.PROYECTO (ORGANICA,TITULO,RESPONSABLE,FECHA_INI,FECHA_FIN) values ('ORGA52','Proyecto de Investigación - DYZ6IP','00000041A',to_date('01/11/23','DD/MM/RR'),to_date('31/10/26','DD/MM/RR'));
Insert into TFGUBU.PROYECTO (ORGANICA,TITULO,RESPONSABLE,FECHA_INI,FECHA_FIN) values ('ORGA53','Proyecto de Investigación - DP6ZF5','00000074A',to_date('01/01/21','DD/MM/RR'),to_date('31/12/23','DD/MM/RR'));
Insert into TFGUBU.PROYECTO (ORGANICA,TITULO,RESPONSABLE,FECHA_INI,FECHA_FIN) values ('ORGA54','Proyecto de Investigación - V7ILLW','00000086A',to_date('01/11/21','DD/MM/RR'),to_date('31/10/23','DD/MM/RR'));
Insert into TFGUBU.PROYECTO (ORGANICA,TITULO,RESPONSABLE,FECHA_INI,FECHA_FIN) values ('ORGA55','Proyecto de Investigación - E7E97E','00000094A',to_date('01/11/23','DD/MM/RR'),to_date('31/10/27','DD/MM/RR'));
Insert into TFGUBU.PROYECTO (ORGANICA,TITULO,RESPONSABLE,FECHA_INI,FECHA_FIN) values ('ORGA56','Proyecto de Investigación - 1FCL16','00000010A',to_date('01/11/23','DD/MM/RR'),to_date('31/10/26','DD/MM/RR'));
Insert into TFGUBU.PROYECTO (ORGANICA,TITULO,RESPONSABLE,FECHA_INI,FECHA_FIN) values ('ORGA57','Proyecto de Investigación - VKJRXV','00000006A',to_date('01/01/23','DD/MM/RR'),to_date('31/12/25','DD/MM/RR'));
Insert into TFGUBU.PROYECTO (ORGANICA,TITULO,RESPONSABLE,FECHA_INI,FECHA_FIN) values ('ORGA58','Proyecto de Investigación - 8KIILJ','00000012A',to_date('01/07/21','DD/MM/RR'),to_date('30/06/24','DD/MM/RR'));
Insert into TFGUBU.PROYECTO (ORGANICA,TITULO,RESPONSABLE,FECHA_INI,FECHA_FIN) values ('ORGA59','Proyecto de Investigación - YLCFNC','00000096A',to_date('01/09/21','DD/MM/RR'),to_date('31/08/23','DD/MM/RR'));
Insert into TFGUBU.PROYECTO (ORGANICA,TITULO,RESPONSABLE,FECHA_INI,FECHA_FIN) values ('ORGA60','Proyecto de Investigación - LW0ATF','00000026A',to_date('01/11/20','DD/MM/RR'),to_date('31/10/23','DD/MM/RR'));
Insert into TFGUBU.PROYECTO (ORGANICA,TITULO,RESPONSABLE,FECHA_INI,FECHA_FIN) values ('ORGA61','Proyecto de Investigación - 3GUYV0','00000001A',to_date('01/11/24','DD/MM/RR'),to_date('31/10/26','DD/MM/RR'));
Insert into TFGUBU.PROYECTO (ORGANICA,TITULO,RESPONSABLE,FECHA_INI,FECHA_FIN) values ('ORGA62','Proyecto de Investigación - W0N62W','00000083A',to_date('01/07/24','DD/MM/RR'),to_date('30/06/25','DD/MM/RR'));
Insert into TFGUBU.PROYECTO (ORGANICA,TITULO,RESPONSABLE,FECHA_INI,FECHA_FIN) values ('ORGA63','Proyecto de Investigación - 47DOI1','00000017A',to_date('01/07/24','DD/MM/RR'),to_date('30/06/25','DD/MM/RR'));
Insert into TFGUBU.PROYECTO (ORGANICA,TITULO,RESPONSABLE,FECHA_INI,FECHA_FIN) values ('ORGA64','Proyecto de Investigación - EOLX6F','00000012A',to_date('01/07/23','DD/MM/RR'),to_date('30/06/24','DD/MM/RR'));
Insert into TFGUBU.PROYECTO (ORGANICA,TITULO,RESPONSABLE,FECHA_INI,FECHA_FIN) values ('ORGA65','Proyecto de Investigación - TA4YW4','00000044A',to_date('01/01/21','DD/MM/RR'),to_date('31/12/23','DD/MM/RR'));
Insert into TFGUBU.PROYECTO (ORGANICA,TITULO,RESPONSABLE,FECHA_INI,FECHA_FIN) values ('ORGA66','Proyecto de Investigación - 6BHYUR','00000054A',to_date('01/11/24','DD/MM/RR'),to_date('31/10/25','DD/MM/RR'));
Insert into TFGUBU.PROYECTO (ORGANICA,TITULO,RESPONSABLE,FECHA_INI,FECHA_FIN) values ('ORGA67','Proyecto de Investigación - CTN90R','00000016A',to_date('01/11/22','DD/MM/RR'),to_date('31/10/25','DD/MM/RR'));
Insert into TFGUBU.PROYECTO (ORGANICA,TITULO,RESPONSABLE,FECHA_INI,FECHA_FIN) values ('ORGA68','Proyecto de Investigación - T2A38Y','00000007A',to_date('01/01/20','DD/MM/RR'),to_date('31/12/22','DD/MM/RR'));
Insert into TFGUBU.PROYECTO (ORGANICA,TITULO,RESPONSABLE,FECHA_INI,FECHA_FIN) values ('ORGA69','Proyecto de Investigación - SWH67R','00000007A',to_date('01/07/20','DD/MM/RR'),to_date('30/06/23','DD/MM/RR'));
Insert into TFGUBU.PROYECTO (ORGANICA,TITULO,RESPONSABLE,FECHA_INI,FECHA_FIN) values ('ORGA70','Proyecto de Investigación - PB7MZW','00000042A',to_date('01/07/25','DD/MM/RR'),to_date('30/06/27','DD/MM/RR'));
Insert into TFGUBU.PROYECTO (ORGANICA,TITULO,RESPONSABLE,FECHA_INI,FECHA_FIN) values ('ORGA71','Proyecto de Investigación - KSC2XI','00000093A',to_date('01/07/21','DD/MM/RR'),to_date('30/06/22','DD/MM/RR'));
Insert into TFGUBU.PROYECTO (ORGANICA,TITULO,RESPONSABLE,FECHA_INI,FECHA_FIN) values ('ORGA72','Proyecto de Investigación - KLM1HL','00000059A',to_date('01/07/23','DD/MM/RR'),to_date('30/06/24','DD/MM/RR'));
Insert into TFGUBU.PROYECTO (ORGANICA,TITULO,RESPONSABLE,FECHA_INI,FECHA_FIN) values ('ORGA73','Proyecto de Investigación - MKAAR4','00000079A',to_date('01/11/22','DD/MM/RR'),to_date('31/10/25','DD/MM/RR'));
Insert into TFGUBU.PROYECTO (ORGANICA,TITULO,RESPONSABLE,FECHA_INI,FECHA_FIN) values ('ORGA74','Proyecto de Investigación - SGTVAS','00000028A',to_date('01/07/22','DD/MM/RR'),to_date('30/06/24','DD/MM/RR'));
Insert into TFGUBU.PROYECTO (ORGANICA,TITULO,RESPONSABLE,FECHA_INI,FECHA_FIN) values ('ORGA75','Proyecto de Investigación - 354T3J','00000084A',to_date('01/01/25','DD/MM/RR'),to_date('31/12/27','DD/MM/RR'));
Insert into TFGUBU.PROYECTO (ORGANICA,TITULO,RESPONSABLE,FECHA_INI,FECHA_FIN) values ('ORGA76','Proyecto de Investigación - J7OBD0','00000083A',to_date('01/07/22','DD/MM/RR'),to_date('30/06/23','DD/MM/RR'));
Insert into TFGUBU.PROYECTO (ORGANICA,TITULO,RESPONSABLE,FECHA_INI,FECHA_FIN) values ('ORGA77','Proyecto de Investigación - BSMH6K','00000099A',to_date('01/11/20','DD/MM/RR'),to_date('31/10/24','DD/MM/RR'));
Insert into TFGUBU.PROYECTO (ORGANICA,TITULO,RESPONSABLE,FECHA_INI,FECHA_FIN) values ('ORGA78','Proyecto de Investigación - L2KKU1','00000085A',to_date('01/01/25','DD/MM/RR'),to_date('31/12/28','DD/MM/RR'));
Insert into TFGUBU.PROYECTO (ORGANICA,TITULO,RESPONSABLE,FECHA_INI,FECHA_FIN) values ('ORGA79','Proyecto de Investigación - NU6DUX','00000069A',to_date('01/07/21','DD/MM/RR'),to_date('30/06/24','DD/MM/RR'));
Insert into TFGUBU.PROYECTO (ORGANICA,TITULO,RESPONSABLE,FECHA_INI,FECHA_FIN) values ('ORGA80','Proyecto de Investigación - SE1FUG','00000028A',to_date('01/01/23','DD/MM/RR'),to_date('31/12/26','DD/MM/RR'));
Insert into TFGUBU.PROYECTO (ORGANICA,TITULO,RESPONSABLE,FECHA_INI,FECHA_FIN) values ('ORGA81','Proyecto de Investigación - FIJGJP','00000005A',to_date('01/11/24','DD/MM/RR'),to_date('31/10/27','DD/MM/RR'));
Insert into TFGUBU.PROYECTO (ORGANICA,TITULO,RESPONSABLE,FECHA_INI,FECHA_FIN) values ('ORGA82','Proyecto de Investigación - AUTCBH','00000031A',to_date('01/01/20','DD/MM/RR'),to_date('31/12/24','DD/MM/RR'));
Insert into TFGUBU.PROYECTO (ORGANICA,TITULO,RESPONSABLE,FECHA_INI,FECHA_FIN) values ('ORGA83','Proyecto de Investigación - 05R864','00000077A',to_date('01/11/21','DD/MM/RR'),to_date('31/10/22','DD/MM/RR'));
Insert into TFGUBU.PROYECTO (ORGANICA,TITULO,RESPONSABLE,FECHA_INI,FECHA_FIN) values ('ORGA84','Proyecto de Investigación - 9GBOK5','00000005A',to_date('01/07/21','DD/MM/RR'),to_date('30/06/23','DD/MM/RR'));
Insert into TFGUBU.PROYECTO (ORGANICA,TITULO,RESPONSABLE,FECHA_INI,FECHA_FIN) values ('ORGA85','Proyecto de Investigación - 2EFES8','00000090A',to_date('01/01/25','DD/MM/RR'),to_date('31/12/27','DD/MM/RR'));
Insert into TFGUBU.PROYECTO (ORGANICA,TITULO,RESPONSABLE,FECHA_INI,FECHA_FIN) values ('ORGA86','Proyecto de Investigación - JP2J0Z','00000035A',to_date('01/09/21','DD/MM/RR'),to_date('31/08/22','DD/MM/RR'));
Insert into TFGUBU.PROYECTO (ORGANICA,TITULO,RESPONSABLE,FECHA_INI,FECHA_FIN) values ('ORGA87','Proyecto de Investigación - 5M7KHG','00000007A',to_date('01/09/25','DD/MM/RR'),to_date('31/08/28','DD/MM/RR'));
Insert into TFGUBU.PROYECTO (ORGANICA,TITULO,RESPONSABLE,FECHA_INI,FECHA_FIN) values ('ORGA88','Proyecto de Investigación - M0R9Z4','00000016A',to_date('01/09/21','DD/MM/RR'),to_date('31/08/24','DD/MM/RR'));
Insert into TFGUBU.PROYECTO (ORGANICA,TITULO,RESPONSABLE,FECHA_INI,FECHA_FIN) values ('ORGA89','Proyecto de Investigación - BREWPZ','00000029A',to_date('01/07/23','DD/MM/RR'),to_date('30/06/25','DD/MM/RR'));
Insert into TFGUBU.PROYECTO (ORGANICA,TITULO,RESPONSABLE,FECHA_INI,FECHA_FIN) values ('ORGA90','Proyecto de Investigación - O14FZ5','00000073A',to_date('01/07/23','DD/MM/RR'),to_date('30/06/27','DD/MM/RR'));
Insert into TFGUBU.PROYECTO (ORGANICA,TITULO,RESPONSABLE,FECHA_INI,FECHA_FIN) values ('ORGA91','Proyecto de Investigación - XPX3XN','00000016A',to_date('01/01/25','DD/MM/RR'),to_date('31/12/27','DD/MM/RR'));
Insert into TFGUBU.PROYECTO (ORGANICA,TITULO,RESPONSABLE,FECHA_INI,FECHA_FIN) values ('ORGA92','Proyecto de Investigación - J0Q2FS','00000092A',to_date('01/01/24','DD/MM/RR'),to_date('31/12/27','DD/MM/RR'));
Insert into TFGUBU.PROYECTO (ORGANICA,TITULO,RESPONSABLE,FECHA_INI,FECHA_FIN) values ('ORGA93','Proyecto de Investigación - 3DOT6K','00000012A',to_date('01/11/25','DD/MM/RR'),to_date('31/10/29','DD/MM/RR'));
Insert into TFGUBU.PROYECTO (ORGANICA,TITULO,RESPONSABLE,FECHA_INI,FECHA_FIN) values ('ORGA94','Proyecto de Investigación - IRYU4O','00000036A',to_date('01/07/23','DD/MM/RR'),to_date('30/06/25','DD/MM/RR'));
Insert into TFGUBU.PROYECTO (ORGANICA,TITULO,RESPONSABLE,FECHA_INI,FECHA_FIN) values ('ORGA95','Proyecto de Investigación - Y5YRNX','00000095A',to_date('01/09/21','DD/MM/RR'),to_date('31/08/24','DD/MM/RR'));
Insert into TFGUBU.PROYECTO (ORGANICA,TITULO,RESPONSABLE,FECHA_INI,FECHA_FIN) values ('ORGA96','Proyecto de Investigación - WSOM2A','00000015A',to_date('01/07/24','DD/MM/RR'),to_date('30/06/28','DD/MM/RR'));
Insert into TFGUBU.PROYECTO (ORGANICA,TITULO,RESPONSABLE,FECHA_INI,FECHA_FIN) values ('ORGA97','Proyecto de Investigación - C81VPW','00000097A',to_date('01/07/23','DD/MM/RR'),to_date('30/06/26','DD/MM/RR'));
Insert into TFGUBU.PROYECTO (ORGANICA,TITULO,RESPONSABLE,FECHA_INI,FECHA_FIN) values ('ORGA98','Proyecto de Investigación - MZGX2S','00000086A',to_date('01/09/25','DD/MM/RR'),to_date('31/08/26','DD/MM/RR'));
Insert into TFGUBU.PROYECTO (ORGANICA,TITULO,RESPONSABLE,FECHA_INI,FECHA_FIN) values ('ORGA99','Proyecto de Investigación - U6RLWD','00000030A',to_date('01/09/23','DD/MM/RR'),to_date('31/08/25','DD/MM/RR'));
REM INSERTING into TFGUBU.RESPONSABLE
SET DEFINE OFF;
Insert into TFGUBU.RESPONSABLE (DNI,APE1,APE2,NOMBRE,DEPTO) values ('00000002B','SANCHEZ','RUIZ','FELIPE','V103');
Insert into TFGUBU.RESPONSABLE (DNI,APE1,APE2,NOMBRE,DEPTO) values ('00000003C','JIMENEZ','DIAZ','ANDRES','V121');
Insert into TFGUBU.RESPONSABLE (DNI,APE1,APE2,NOMBRE,DEPTO) values ('00000004D','TELLO','LOPEZ','JUAN','V105');
Insert into TFGUBU.RESPONSABLE (DNI,APE1,APE2,NOMBRE,DEPTO) values ('00000001A','Díaz','Sánchez','María','V110');
Insert into TFGUBU.RESPONSABLE (DNI,APE1,APE2,NOMBRE,DEPTO) values ('00000002A','López','Vega','Miguel','V122');
Insert into TFGUBU.RESPONSABLE (DNI,APE1,APE2,NOMBRE,DEPTO) values ('00000003A','Díaz','García','María','V123');
Insert into TFGUBU.RESPONSABLE (DNI,APE1,APE2,NOMBRE,DEPTO) values ('00000004A','Sánchez','Díaz','Laura','V104');
Insert into TFGUBU.RESPONSABLE (DNI,APE1,APE2,NOMBRE,DEPTO) values ('00000005A','Martínez','Martínez','Carlos','V122');
Insert into TFGUBU.RESPONSABLE (DNI,APE1,APE2,NOMBRE,DEPTO) values ('00000006A','Ramírez','López','Javier','V123');
Insert into TFGUBU.RESPONSABLE (DNI,APE1,APE2,NOMBRE,DEPTO) values ('00000007A','Sánchez','García','Javier','V103');
Insert into TFGUBU.RESPONSABLE (DNI,APE1,APE2,NOMBRE,DEPTO) values ('00000008A','García','Martínez','Carlos','V104');
Insert into TFGUBU.RESPONSABLE (DNI,APE1,APE2,NOMBRE,DEPTO) values ('00000009A','Martínez','García','Pedro','V123');
Insert into TFGUBU.RESPONSABLE (DNI,APE1,APE2,NOMBRE,DEPTO) values ('00000010A','Díaz','Sánchez','Miguel','V122');
Insert into TFGUBU.RESPONSABLE (DNI,APE1,APE2,NOMBRE,DEPTO) values ('00000011A','Martínez','Martínez','María','V121');
Insert into TFGUBU.RESPONSABLE (DNI,APE1,APE2,NOMBRE,DEPTO) values ('00000012A','Martínez','Martínez','Miguel','V112');
Insert into TFGUBU.RESPONSABLE (DNI,APE1,APE2,NOMBRE,DEPTO) values ('00000013A','García','Vega','Ana','V118');
Insert into TFGUBU.RESPONSABLE (DNI,APE1,APE2,NOMBRE,DEPTO) values ('00000014A','Martínez','Ramírez','Javier','V122');
Insert into TFGUBU.RESPONSABLE (DNI,APE1,APE2,NOMBRE,DEPTO) values ('00000015A','Martínez','Torres','Miguel','V118');
Insert into TFGUBU.RESPONSABLE (DNI,APE1,APE2,NOMBRE,DEPTO) values ('00000016A','García','Sánchez','Miguel','V110');
Insert into TFGUBU.RESPONSABLE (DNI,APE1,APE2,NOMBRE,DEPTO) values ('00000017A','Martínez','Ramírez','María','V112');
Insert into TFGUBU.RESPONSABLE (DNI,APE1,APE2,NOMBRE,DEPTO) values ('00000018A','Vega','Torres','Pedro','V104');
Insert into TFGUBU.RESPONSABLE (DNI,APE1,APE2,NOMBRE,DEPTO) values ('00000019A','Vega','Ramírez','Laura','V110');
Insert into TFGUBU.RESPONSABLE (DNI,APE1,APE2,NOMBRE,DEPTO) values ('00000020A','Torres','Vega','Miguel','V122');
Insert into TFGUBU.RESPONSABLE (DNI,APE1,APE2,NOMBRE,DEPTO) values ('00000021A','Martínez','Ramírez','María','V118');
Insert into TFGUBU.RESPONSABLE (DNI,APE1,APE2,NOMBRE,DEPTO) values ('00000022A','Sánchez','Vega','Laura','V123');
Insert into TFGUBU.RESPONSABLE (DNI,APE1,APE2,NOMBRE,DEPTO) values ('00000023A','Sánchez','García','Laura','V105');
Insert into TFGUBU.RESPONSABLE (DNI,APE1,APE2,NOMBRE,DEPTO) values ('00000024A','Martínez','López','Javier','V110');
Insert into TFGUBU.RESPONSABLE (DNI,APE1,APE2,NOMBRE,DEPTO) values ('00000025A','Ramírez','Vega','María','V105');
Insert into TFGUBU.RESPONSABLE (DNI,APE1,APE2,NOMBRE,DEPTO) values ('00000026A','López','Sánchez','Lucía','V103');
Insert into TFGUBU.RESPONSABLE (DNI,APE1,APE2,NOMBRE,DEPTO) values ('00000027A','Torres','Sánchez','Laura','V118');
Insert into TFGUBU.RESPONSABLE (DNI,APE1,APE2,NOMBRE,DEPTO) values ('00000028A','Torres','Vega','Lucía','V110');
Insert into TFGUBU.RESPONSABLE (DNI,APE1,APE2,NOMBRE,DEPTO) values ('00000029A','Torres','Ramírez','Carlos','V103');
Insert into TFGUBU.RESPONSABLE (DNI,APE1,APE2,NOMBRE,DEPTO) values ('00000030A','Ramírez','Vega','Pedro','V122');
Insert into TFGUBU.RESPONSABLE (DNI,APE1,APE2,NOMBRE,DEPTO) values ('00000031A','Torres','Ramírez','Ana','V118');
Insert into TFGUBU.RESPONSABLE (DNI,APE1,APE2,NOMBRE,DEPTO) values ('00000032A','Díaz','Torres','María','V104');
Insert into TFGUBU.RESPONSABLE (DNI,APE1,APE2,NOMBRE,DEPTO) values ('00000033A','Torres','Ramírez','Javier','V118');
Insert into TFGUBU.RESPONSABLE (DNI,APE1,APE2,NOMBRE,DEPTO) values ('00000034A','Ramírez','López','Pedro','V122');
Insert into TFGUBU.RESPONSABLE (DNI,APE1,APE2,NOMBRE,DEPTO) values ('00000035A','Ramírez','García','Ana','V121');
Insert into TFGUBU.RESPONSABLE (DNI,APE1,APE2,NOMBRE,DEPTO) values ('00000036A','García','Torres','Pedro','V110');
Insert into TFGUBU.RESPONSABLE (DNI,APE1,APE2,NOMBRE,DEPTO) values ('00000037A','Martínez','Ramírez','Carlos','V118');
Insert into TFGUBU.RESPONSABLE (DNI,APE1,APE2,NOMBRE,DEPTO) values ('00000038A','Díaz','López','Laura','V123');
Insert into TFGUBU.RESPONSABLE (DNI,APE1,APE2,NOMBRE,DEPTO) values ('00000039A','Martínez','Torres','María','V112');
Insert into TFGUBU.RESPONSABLE (DNI,APE1,APE2,NOMBRE,DEPTO) values ('00000040A','López','García','María','V105');
Insert into TFGUBU.RESPONSABLE (DNI,APE1,APE2,NOMBRE,DEPTO) values ('00000041A','Díaz','García','Laura','V104');
Insert into TFGUBU.RESPONSABLE (DNI,APE1,APE2,NOMBRE,DEPTO) values ('00000042A','Díaz','Vega','Lucía','V103');
Insert into TFGUBU.RESPONSABLE (DNI,APE1,APE2,NOMBRE,DEPTO) values ('00000043A','López','Ramírez','Miguel','V121');
Insert into TFGUBU.RESPONSABLE (DNI,APE1,APE2,NOMBRE,DEPTO) values ('00000044A','Torres','Martínez','Carlos','V105');
Insert into TFGUBU.RESPONSABLE (DNI,APE1,APE2,NOMBRE,DEPTO) values ('00000045A','Vega','Sánchez','Ana','V104');
Insert into TFGUBU.RESPONSABLE (DNI,APE1,APE2,NOMBRE,DEPTO) values ('00000046A','García','Martínez','María','V123');
Insert into TFGUBU.RESPONSABLE (DNI,APE1,APE2,NOMBRE,DEPTO) values ('00000047A','López','Vega','Lucía','V118');
Insert into TFGUBU.RESPONSABLE (DNI,APE1,APE2,NOMBRE,DEPTO) values ('00000048A','García','Díaz','Miguel','V103');
Insert into TFGUBU.RESPONSABLE (DNI,APE1,APE2,NOMBRE,DEPTO) values ('00000049A','Sánchez','Martínez','Lucía','V118');
Insert into TFGUBU.RESPONSABLE (DNI,APE1,APE2,NOMBRE,DEPTO) values ('00000050A','García','Torres','Pedro','V121');
Insert into TFGUBU.RESPONSABLE (DNI,APE1,APE2,NOMBRE,DEPTO) values ('00000051A','Sánchez','Torres','Pedro','V104');
Insert into TFGUBU.RESPONSABLE (DNI,APE1,APE2,NOMBRE,DEPTO) values ('00000052A','Díaz','Martínez','Laura','V121');
Insert into TFGUBU.RESPONSABLE (DNI,APE1,APE2,NOMBRE,DEPTO) values ('00000053A','García','López','Miguel','V105');
Insert into TFGUBU.RESPONSABLE (DNI,APE1,APE2,NOMBRE,DEPTO) values ('00000054A','López','López','María','V122');
Insert into TFGUBU.RESPONSABLE (DNI,APE1,APE2,NOMBRE,DEPTO) values ('00000055A','Sánchez','Ramírez','Pedro','V103');
Insert into TFGUBU.RESPONSABLE (DNI,APE1,APE2,NOMBRE,DEPTO) values ('00000056A','Ramírez','Sánchez','Carlos','V123');
Insert into TFGUBU.RESPONSABLE (DNI,APE1,APE2,NOMBRE,DEPTO) values ('00000057A','García','García','Carlos','V103');
Insert into TFGUBU.RESPONSABLE (DNI,APE1,APE2,NOMBRE,DEPTO) values ('00000058A','Torres','Vega','Miguel','V103');
Insert into TFGUBU.RESPONSABLE (DNI,APE1,APE2,NOMBRE,DEPTO) values ('00000059A','Díaz','García','Ana','V121');
Insert into TFGUBU.RESPONSABLE (DNI,APE1,APE2,NOMBRE,DEPTO) values ('00000060A','Vega','Sánchez','Pedro','V123');
Insert into TFGUBU.RESPONSABLE (DNI,APE1,APE2,NOMBRE,DEPTO) values ('00000061A','Sánchez','Vega','Laura','V103');
Insert into TFGUBU.RESPONSABLE (DNI,APE1,APE2,NOMBRE,DEPTO) values ('00000062A','Torres','García','María','V122');
Insert into TFGUBU.RESPONSABLE (DNI,APE1,APE2,NOMBRE,DEPTO) values ('00000063A','Vega','García','Lucía','V104');
Insert into TFGUBU.RESPONSABLE (DNI,APE1,APE2,NOMBRE,DEPTO) values ('00000064A','Martínez','Ramírez','Pedro','V110');
Insert into TFGUBU.RESPONSABLE (DNI,APE1,APE2,NOMBRE,DEPTO) values ('00000065A','Sánchez','Ramírez','Ana','V118');
Insert into TFGUBU.RESPONSABLE (DNI,APE1,APE2,NOMBRE,DEPTO) values ('00000066A','Torres','Díaz','Laura','V110');
Insert into TFGUBU.RESPONSABLE (DNI,APE1,APE2,NOMBRE,DEPTO) values ('00000067A','Vega','García','Miguel','V110');
Insert into TFGUBU.RESPONSABLE (DNI,APE1,APE2,NOMBRE,DEPTO) values ('00000068A','Sánchez','Martínez','Pedro','V112');
Insert into TFGUBU.RESPONSABLE (DNI,APE1,APE2,NOMBRE,DEPTO) values ('00000069A','García','Torres','Javier','V110');
Insert into TFGUBU.RESPONSABLE (DNI,APE1,APE2,NOMBRE,DEPTO) values ('00000070A','Sánchez','Vega','Pedro','V112');
Insert into TFGUBU.RESPONSABLE (DNI,APE1,APE2,NOMBRE,DEPTO) values ('00000071A','Díaz','García','María','V118');
Insert into TFGUBU.RESPONSABLE (DNI,APE1,APE2,NOMBRE,DEPTO) values ('00000072A','Martínez','Torres','Miguel','V118');
Insert into TFGUBU.RESPONSABLE (DNI,APE1,APE2,NOMBRE,DEPTO) values ('00000073A','Díaz','López','Lucía','V105');
Insert into TFGUBU.RESPONSABLE (DNI,APE1,APE2,NOMBRE,DEPTO) values ('00000074A','Díaz','Díaz','María','V121');
Insert into TFGUBU.RESPONSABLE (DNI,APE1,APE2,NOMBRE,DEPTO) values ('00000075A','Torres','Torres','Javier','V121');
Insert into TFGUBU.RESPONSABLE (DNI,APE1,APE2,NOMBRE,DEPTO) values ('00000076A','Vega','Martínez','Carlos','V105');
Insert into TFGUBU.RESPONSABLE (DNI,APE1,APE2,NOMBRE,DEPTO) values ('00000077A','López','García','Miguel','V104');
Insert into TFGUBU.RESPONSABLE (DNI,APE1,APE2,NOMBRE,DEPTO) values ('00000078A','Vega','Torres','Lucía','V118');
Insert into TFGUBU.RESPONSABLE (DNI,APE1,APE2,NOMBRE,DEPTO) values ('00000079A','Sánchez','Martínez','María','V118');
Insert into TFGUBU.RESPONSABLE (DNI,APE1,APE2,NOMBRE,DEPTO) values ('00000080A','Torres','Sánchez','Pedro','V122');
Insert into TFGUBU.RESPONSABLE (DNI,APE1,APE2,NOMBRE,DEPTO) values ('00000081A','Martínez','Ramírez','María','V122');
Insert into TFGUBU.RESPONSABLE (DNI,APE1,APE2,NOMBRE,DEPTO) values ('00000082A','Vega','García','Lucía','V121');
Insert into TFGUBU.RESPONSABLE (DNI,APE1,APE2,NOMBRE,DEPTO) values ('00000083A','Vega','Vega','Miguel','V121');
Insert into TFGUBU.RESPONSABLE (DNI,APE1,APE2,NOMBRE,DEPTO) values ('00000084A','Torres','Martínez','Lucía','V104');
Insert into TFGUBU.RESPONSABLE (DNI,APE1,APE2,NOMBRE,DEPTO) values ('00000085A','Díaz','Díaz','Pedro','V121');
Insert into TFGUBU.RESPONSABLE (DNI,APE1,APE2,NOMBRE,DEPTO) values ('00000086A','Martínez','García','Ana','V104');
Insert into TFGUBU.RESPONSABLE (DNI,APE1,APE2,NOMBRE,DEPTO) values ('00000087A','Sánchez','Ramírez','Laura','V103');
Insert into TFGUBU.RESPONSABLE (DNI,APE1,APE2,NOMBRE,DEPTO) values ('00000088A','Vega','Martínez','María','V105');
Insert into TFGUBU.RESPONSABLE (DNI,APE1,APE2,NOMBRE,DEPTO) values ('00000089A','Sánchez','Martínez','Pedro','V103');
Insert into TFGUBU.RESPONSABLE (DNI,APE1,APE2,NOMBRE,DEPTO) values ('00000090A','Sánchez','Ramírez','Pedro','V118');
Insert into TFGUBU.RESPONSABLE (DNI,APE1,APE2,NOMBRE,DEPTO) values ('00000091A','López','García','Javier','V112');
Insert into TFGUBU.RESPONSABLE (DNI,APE1,APE2,NOMBRE,DEPTO) values ('00000092A','García','García','Ana','V122');
Insert into TFGUBU.RESPONSABLE (DNI,APE1,APE2,NOMBRE,DEPTO) values ('00000093A','López','López','Miguel','V112');
Insert into TFGUBU.RESPONSABLE (DNI,APE1,APE2,NOMBRE,DEPTO) values ('00000094A','Díaz','Martínez','Miguel','V118');
Insert into TFGUBU.RESPONSABLE (DNI,APE1,APE2,NOMBRE,DEPTO) values ('00000095A','Díaz','Martínez','Ana','V103');
Insert into TFGUBU.RESPONSABLE (DNI,APE1,APE2,NOMBRE,DEPTO) values ('00000096A','Vega','Sánchez','Javier','V112');
Insert into TFGUBU.RESPONSABLE (DNI,APE1,APE2,NOMBRE,DEPTO) values ('00000097A','Ramírez','García','Laura','V122');
Insert into TFGUBU.RESPONSABLE (DNI,APE1,APE2,NOMBRE,DEPTO) values ('00000098A','Díaz','Torres','Ana','V104');
Insert into TFGUBU.RESPONSABLE (DNI,APE1,APE2,NOMBRE,DEPTO) values ('00000099A','Ramírez','García','Carlos','V105');
Insert into TFGUBU.RESPONSABLE (DNI,APE1,APE2,NOMBRE,DEPTO) values ('00000100A','Ramírez','Vega','Laura','V122');
REM INSERTING into TFGUBU.SOLICITANTE
SET DEFINE OFF;
Insert into TFGUBU.SOLICITANTE (DNI_SOL,APE1_SOL,APE2_SOL,NOM_SOL,TIT_SOL,REF_CON) values ('00000002X','MAZA','LEAL','LUCIA','Doctor',null);
Insert into TFGUBU.SOLICITANTE (DNI_SOL,APE1_SOL,APE2_SOL,NOM_SOL,TIT_SOL,REF_CON) values ('00000003Y','CARRO','GIL','PEDRO','Graduado',null);
Insert into TFGUBU.SOLICITANTE (DNI_SOL,APE1_SOL,APE2_SOL,NOM_SOL,TIT_SOL,REF_CON) values ('00000004Z','RODRIGUEZ','PEREZ','CLARA','Máster',null);
--------------------------------------------------------
--  DDL for Index DEPTOS_PK
--------------------------------------------------------

  CREATE UNIQUE INDEX "TFGUBU"."DEPTOS_PK" ON "TFGUBU"."DEPTOS" ("REF") 
  PCTFREE 10 INITRANS 2 MAXTRANS 255 COMPUTE STATISTICS 
  STORAGE(INITIAL 65536 NEXT 1048576 MINEXTENTS 1 MAXEXTENTS 2147483645
  PCTINCREASE 0 FREELISTS 1 FREELIST GROUPS 1
  BUFFER_POOL DEFAULT FLASH_CACHE DEFAULT CELL_FLASH_CACHE DEFAULT)
  TABLESPACE "TFG_UBU" ;
--------------------------------------------------------
--  DDL for Index RESPONSABLE_PK
--------------------------------------------------------

  CREATE UNIQUE INDEX "TFGUBU"."RESPONSABLE_PK" ON "TFGUBU"."RESPONSABLE" ("DNI") 
  PCTFREE 10 INITRANS 2 MAXTRANS 255 COMPUTE STATISTICS 
  STORAGE(INITIAL 65536 NEXT 1048576 MINEXTENTS 1 MAXEXTENTS 2147483645
  PCTINCREASE 0 FREELISTS 1 FREELIST GROUPS 1
  BUFFER_POOL DEFAULT FLASH_CACHE DEFAULT CELL_FLASH_CACHE DEFAULT)
  TABLESPACE "TFG_UBU" ;
--------------------------------------------------------
--  DDL for Index PROYECTO_PK
--------------------------------------------------------

  CREATE UNIQUE INDEX "TFGUBU"."PROYECTO_PK" ON "TFGUBU"."PROYECTO" ("ORGANICA") 
  PCTFREE 10 INITRANS 2 MAXTRANS 255 COMPUTE STATISTICS 
  STORAGE(INITIAL 65536 NEXT 1048576 MINEXTENTS 1 MAXEXTENTS 2147483645
  PCTINCREASE 0 FREELISTS 1 FREELIST GROUPS 1
  BUFFER_POOL DEFAULT FLASH_CACHE DEFAULT CELL_FLASH_CACHE DEFAULT)
  TABLESPACE "TFG_UBU" ;
--------------------------------------------------------
--  DDL for Index CONVOCATORIA_PK
--------------------------------------------------------

  CREATE UNIQUE INDEX "TFGUBU"."CONVOCATORIA_PK" ON "TFGUBU"."CONVOCATORIA" ("REFERENCIA") 
  PCTFREE 10 INITRANS 2 MAXTRANS 255 COMPUTE STATISTICS 
  STORAGE(INITIAL 65536 NEXT 1048576 MINEXTENTS 1 MAXEXTENTS 2147483645
  PCTINCREASE 0 FREELISTS 1 FREELIST GROUPS 1
  BUFFER_POOL DEFAULT FLASH_CACHE DEFAULT CELL_FLASH_CACHE DEFAULT)
  TABLESPACE "TFG_UBU" ;
--------------------------------------------------------
--  DDL for Index SOLICITANTE_PK
--------------------------------------------------------

  CREATE UNIQUE INDEX "TFGUBU"."SOLICITANTE_PK" ON "TFGUBU"."SOLICITANTE" ("DNI_SOL") 
  PCTFREE 10 INITRANS 2 MAXTRANS 255 COMPUTE STATISTICS 
  STORAGE(INITIAL 65536 NEXT 1048576 MINEXTENTS 1 MAXEXTENTS 2147483645
  PCTINCREASE 0 FREELISTS 1 FREELIST GROUPS 1
  BUFFER_POOL DEFAULT FLASH_CACHE DEFAULT CELL_FLASH_CACHE DEFAULT)
  TABLESPACE "TFG_UBU" ;
--------------------------------------------------------
--  DDL for Index CONTRATOS_PK
--------------------------------------------------------

  CREATE UNIQUE INDEX "TFGUBU"."CONTRATOS_PK" ON "TFGUBU"."CONTRATOS" ("REF_CONTRATO") 
  PCTFREE 10 INITRANS 2 MAXTRANS 255 
  STORAGE(INITIAL 65536 NEXT 1048576 MINEXTENTS 1 MAXEXTENTS 2147483645
  PCTINCREASE 0 FREELISTS 1 FREELIST GROUPS 1
  BUFFER_POOL DEFAULT FLASH_CACHE DEFAULT CELL_FLASH_CACHE DEFAULT)
  TABLESPACE "TFG_UBU" ;
--------------------------------------------------------
--  DDL for Index NOMINA_PK
--------------------------------------------------------

  CREATE UNIQUE INDEX "TFGUBU"."NOMINA_PK" ON "TFGUBU"."NOMINA" ("DNI_NOM", "MES", "ANNO") 
  PCTFREE 10 INITRANS 2 MAXTRANS 255 
  STORAGE(INITIAL 65536 NEXT 1048576 MINEXTENTS 1 MAXEXTENTS 2147483645
  PCTINCREASE 0 FREELISTS 1 FREELIST GROUPS 1
  BUFFER_POOL DEFAULT FLASH_CACHE DEFAULT CELL_FLASH_CACHE DEFAULT)
  TABLESPACE "TFG_UBU" ;
--------------------------------------------------------
--  DDL for Index DBTOOLS$EXECUTION_HISTORY_PK
--------------------------------------------------------

  CREATE UNIQUE INDEX "TFGUBU"."DBTOOLS$EXECUTION_HISTORY_PK" ON "TFGUBU"."DBTOOLS$EXECUTION_HISTORY" ("ID") 
  PCTFREE 10 INITRANS 2 MAXTRANS 255 
  STORAGE(INITIAL 65536 NEXT 1048576 MINEXTENTS 1 MAXEXTENTS 2147483645
  PCTINCREASE 0 FREELISTS 1 FREELIST GROUPS 1
  BUFFER_POOL DEFAULT FLASH_CACHE DEFAULT CELL_FLASH_CACHE DEFAULT)
  TABLESPACE "TFG_UBU" ;
--------------------------------------------------------
--  DDL for Trigger DEPT_TRG1
--------------------------------------------------------

  CREATE OR REPLACE EDITIONABLE TRIGGER "TFGUBU"."DEPT_TRG1" 
              before insert on dept
              for each row
              begin
                  if :new.deptno is null then
                      select dept_seq.nextval into :new.deptno from sys.dual;
                 end if;
              end;
/
ALTER TRIGGER "TFGUBU"."DEPT_TRG1" ENABLE;
--------------------------------------------------------
--  DDL for Trigger EMP_TRG1
--------------------------------------------------------

  CREATE OR REPLACE EDITIONABLE TRIGGER "TFGUBU"."EMP_TRG1" 
              before insert on emp
              for each row
              begin
                  if :new.empno is null then
                      select emp_seq.nextval into :new.empno from sys.dual;
                 end if;
              end;
/
ALTER TRIGGER "TFGUBU"."EMP_TRG1" ENABLE;
--------------------------------------------------------
--  DDL for Trigger TRG_CONVOCATORIA_REF
--------------------------------------------------------

  CREATE OR REPLACE EDITIONABLE TRIGGER "TFGUBU"."TRG_CONVOCATORIA_REF" 
BEFORE INSERT ON CONVOCATORIA
FOR EACH ROW
 WHEN (NEW.REFERENCIA IS NULL) BEGIN
  :NEW.REFERENCIA := 'CONVO' || LPAD(SEQ_CONVOCATORIA_REF.NEXTVAL, 2, '0');
END;

/
ALTER TRIGGER "TFGUBU"."TRG_CONVOCATORIA_REF" ENABLE;
--------------------------------------------------------
--  Constraints for Table NOMINA
--------------------------------------------------------

  ALTER TABLE "TFGUBU"."NOMINA" MODIFY ("DNI_NOM" NOT NULL ENABLE);
  ALTER TABLE "TFGUBU"."NOMINA" MODIFY ("MENSUALIDAD" NOT NULL ENABLE);
  ALTER TABLE "TFGUBU"."NOMINA" MODIFY ("SEG_SOC" NOT NULL ENABLE);
  ALTER TABLE "TFGUBU"."NOMINA" ADD CONSTRAINT "NOMINA_PK" PRIMARY KEY ("DNI_NOM", "MES", "ANNO")
  USING INDEX PCTFREE 10 INITRANS 2 MAXTRANS 255 
  STORAGE(INITIAL 65536 NEXT 1048576 MINEXTENTS 1 MAXEXTENTS 2147483645
  PCTINCREASE 0 FREELISTS 1 FREELIST GROUPS 1
  BUFFER_POOL DEFAULT FLASH_CACHE DEFAULT CELL_FLASH_CACHE DEFAULT)
  TABLESPACE "TFG_UBU"  ENABLE;
--------------------------------------------------------
--  Constraints for Table SOLICITANTE
--------------------------------------------------------

  ALTER TABLE "TFGUBU"."SOLICITANTE" MODIFY ("DNI_SOL" NOT NULL ENABLE);
  ALTER TABLE "TFGUBU"."SOLICITANTE" MODIFY ("APE1_SOL" NOT NULL ENABLE);
  ALTER TABLE "TFGUBU"."SOLICITANTE" MODIFY ("NOM_SOL" NOT NULL ENABLE);
  ALTER TABLE "TFGUBU"."SOLICITANTE" MODIFY ("TIT_SOL" NOT NULL ENABLE);
  ALTER TABLE "TFGUBU"."SOLICITANTE" ADD CONSTRAINT "SOLICITANTE_PK" PRIMARY KEY ("DNI_SOL")
  USING INDEX PCTFREE 10 INITRANS 2 MAXTRANS 255 COMPUTE STATISTICS 
  STORAGE(INITIAL 65536 NEXT 1048576 MINEXTENTS 1 MAXEXTENTS 2147483645
  PCTINCREASE 0 FREELISTS 1 FREELIST GROUPS 1
  BUFFER_POOL DEFAULT FLASH_CACHE DEFAULT CELL_FLASH_CACHE DEFAULT)
  TABLESPACE "TFG_UBU"  ENABLE;
--------------------------------------------------------
--  Constraints for Table DEPT
--------------------------------------------------------

  ALTER TABLE "TFGUBU"."DEPT" ADD PRIMARY KEY ("DEPTNO")
  USING INDEX PCTFREE 10 INITRANS 2 MAXTRANS 255 
  STORAGE(INITIAL 65536 NEXT 1048576 MINEXTENTS 1 MAXEXTENTS 2147483645
  PCTINCREASE 0 FREELISTS 1 FREELIST GROUPS 1
  BUFFER_POOL DEFAULT FLASH_CACHE DEFAULT CELL_FLASH_CACHE DEFAULT)
  TABLESPACE "TFG_UBU"  ENABLE;
--------------------------------------------------------
--  Constraints for Table DBTOOLS$EXECUTION_HISTORY
--------------------------------------------------------

  ALTER TABLE "TFGUBU"."DBTOOLS$EXECUTION_HISTORY" MODIFY ("ID" NOT NULL ENABLE);
  ALTER TABLE "TFGUBU"."DBTOOLS$EXECUTION_HISTORY" ADD CONSTRAINT "DBTOOLS$EXECUTION_HISTORY_PK" PRIMARY KEY ("ID")
  USING INDEX PCTFREE 10 INITRANS 2 MAXTRANS 255 
  STORAGE(INITIAL 65536 NEXT 1048576 MINEXTENTS 1 MAXEXTENTS 2147483645
  PCTINCREASE 0 FREELISTS 1 FREELIST GROUPS 1
  BUFFER_POOL DEFAULT FLASH_CACHE DEFAULT CELL_FLASH_CACHE DEFAULT)
  TABLESPACE "TFG_UBU"  ENABLE;
--------------------------------------------------------
--  Constraints for Table DEPTOS
--------------------------------------------------------

  ALTER TABLE "TFGUBU"."DEPTOS" MODIFY ("REF" NOT NULL ENABLE);
  ALTER TABLE "TFGUBU"."DEPTOS" MODIFY ("NOMBRE" NOT NULL ENABLE);
  ALTER TABLE "TFGUBU"."DEPTOS" ADD CONSTRAINT "DEPTOS_PK" PRIMARY KEY ("REF")
  USING INDEX PCTFREE 10 INITRANS 2 MAXTRANS 255 COMPUTE STATISTICS 
  STORAGE(INITIAL 65536 NEXT 1048576 MINEXTENTS 1 MAXEXTENTS 2147483645
  PCTINCREASE 0 FREELISTS 1 FREELIST GROUPS 1
  BUFFER_POOL DEFAULT FLASH_CACHE DEFAULT CELL_FLASH_CACHE DEFAULT)
  TABLESPACE "TFG_UBU"  ENABLE;
--------------------------------------------------------
--  Constraints for Table PROYECTO
--------------------------------------------------------

  ALTER TABLE "TFGUBU"."PROYECTO" MODIFY ("ORGANICA" NOT NULL ENABLE);
  ALTER TABLE "TFGUBU"."PROYECTO" MODIFY ("TITULO" NOT NULL ENABLE);
  ALTER TABLE "TFGUBU"."PROYECTO" MODIFY ("RESPONSABLE" NOT NULL ENABLE);
  ALTER TABLE "TFGUBU"."PROYECTO" MODIFY ("FECHA_INI" NOT NULL ENABLE);
  ALTER TABLE "TFGUBU"."PROYECTO" MODIFY ("FECHA_FIN" NOT NULL ENABLE);
  ALTER TABLE "TFGUBU"."PROYECTO" ADD CONSTRAINT "PROYECTO_CHK1" CHECK (fecha_fin >= fecha_ini
) ENABLE;
  ALTER TABLE "TFGUBU"."PROYECTO" ADD CONSTRAINT "PROYECTO_PK" PRIMARY KEY ("ORGANICA")
  USING INDEX PCTFREE 10 INITRANS 2 MAXTRANS 255 COMPUTE STATISTICS 
  STORAGE(INITIAL 65536 NEXT 1048576 MINEXTENTS 1 MAXEXTENTS 2147483645
  PCTINCREASE 0 FREELISTS 1 FREELIST GROUPS 1
  BUFFER_POOL DEFAULT FLASH_CACHE DEFAULT CELL_FLASH_CACHE DEFAULT)
  TABLESPACE "TFG_UBU"  ENABLE;
--------------------------------------------------------
--  Constraints for Table CONTRATOS
--------------------------------------------------------

  ALTER TABLE "TFGUBU"."CONTRATOS" MODIFY ("REF_CONTRATO" NOT NULL ENABLE);
  ALTER TABLE "TFGUBU"."CONTRATOS" MODIFY ("F_INI" NOT NULL ENABLE);
  ALTER TABLE "TFGUBU"."CONTRATOS" MODIFY ("F_FIN" NOT NULL ENABLE);
  ALTER TABLE "TFGUBU"."CONTRATOS" MODIFY ("RET_TOT" NOT NULL ENABLE);
  ALTER TABLE "TFGUBU"."CONTRATOS" MODIFY ("RET_MES" NOT NULL ENABLE);
  ALTER TABLE "TFGUBU"."CONTRATOS" MODIFY ("SS_MES" NOT NULL ENABLE);
  ALTER TABLE "TFGUBU"."CONTRATOS" MODIFY ("CONTRATADO" NOT NULL ENABLE);
  ALTER TABLE "TFGUBU"."CONTRATOS" MODIFY ("CONVOCATORIA" NOT NULL ENABLE);
  ALTER TABLE "TFGUBU"."CONTRATOS" ADD CONSTRAINT "CONTRATOS_PK" PRIMARY KEY ("REF_CONTRATO")
  USING INDEX PCTFREE 10 INITRANS 2 MAXTRANS 255 
  STORAGE(INITIAL 65536 NEXT 1048576 MINEXTENTS 1 MAXEXTENTS 2147483645
  PCTINCREASE 0 FREELISTS 1 FREELIST GROUPS 1
  BUFFER_POOL DEFAULT FLASH_CACHE DEFAULT CELL_FLASH_CACHE DEFAULT)
  TABLESPACE "TFG_UBU"  ENABLE;
--------------------------------------------------------
--  Constraints for Table EMP
--------------------------------------------------------

  ALTER TABLE "TFGUBU"."EMP" MODIFY ("EMPNO" NOT NULL ENABLE);
  ALTER TABLE "TFGUBU"."EMP" ADD PRIMARY KEY ("EMPNO")
  USING INDEX PCTFREE 10 INITRANS 2 MAXTRANS 255 
  STORAGE(INITIAL 65536 NEXT 1048576 MINEXTENTS 1 MAXEXTENTS 2147483645
  PCTINCREASE 0 FREELISTS 1 FREELIST GROUPS 1
  BUFFER_POOL DEFAULT FLASH_CACHE DEFAULT CELL_FLASH_CACHE DEFAULT)
  TABLESPACE "TFG_UBU"  ENABLE;
--------------------------------------------------------
--  Constraints for Table RESPONSABLE
--------------------------------------------------------

  ALTER TABLE "TFGUBU"."RESPONSABLE" MODIFY ("DNI" NOT NULL ENABLE);
  ALTER TABLE "TFGUBU"."RESPONSABLE" MODIFY ("APE1" NOT NULL ENABLE);
  ALTER TABLE "TFGUBU"."RESPONSABLE" MODIFY ("NOMBRE" NOT NULL ENABLE);
  ALTER TABLE "TFGUBU"."RESPONSABLE" ADD CONSTRAINT "RESPONSABLE_PK" PRIMARY KEY ("DNI")
  USING INDEX PCTFREE 10 INITRANS 2 MAXTRANS 255 COMPUTE STATISTICS 
  STORAGE(INITIAL 65536 NEXT 1048576 MINEXTENTS 1 MAXEXTENTS 2147483645
  PCTINCREASE 0 FREELISTS 1 FREELIST GROUPS 1
  BUFFER_POOL DEFAULT FLASH_CACHE DEFAULT CELL_FLASH_CACHE DEFAULT)
  TABLESPACE "TFG_UBU"  ENABLE;
--------------------------------------------------------
--  Constraints for Table CONVOCATORIA
--------------------------------------------------------

  ALTER TABLE "TFGUBU"."CONVOCATORIA" MODIFY ("REFERENCIA" NOT NULL ENABLE);
  ALTER TABLE "TFGUBU"."CONVOCATORIA" MODIFY ("TITULO" NOT NULL ENABLE);
  ALTER TABLE "TFGUBU"."CONVOCATORIA" MODIFY ("TIT_REQUERIDA" NOT NULL ENABLE);
  ALTER TABLE "TFGUBU"."CONVOCATORIA" MODIFY ("REF_INV" NOT NULL ENABLE);
  ALTER TABLE "TFGUBU"."CONVOCATORIA" MODIFY ("REF_PROY" NOT NULL ENABLE);
  ALTER TABLE "TFGUBU"."CONVOCATORIA" ADD CONSTRAINT "CONVOCATORIA_PK" PRIMARY KEY ("REFERENCIA")
  USING INDEX PCTFREE 10 INITRANS 2 MAXTRANS 255 COMPUTE STATISTICS 
  STORAGE(INITIAL 65536 NEXT 1048576 MINEXTENTS 1 MAXEXTENTS 2147483645
  PCTINCREASE 0 FREELISTS 1 FREELIST GROUPS 1
  BUFFER_POOL DEFAULT FLASH_CACHE DEFAULT CELL_FLASH_CACHE DEFAULT)
  TABLESPACE "TFG_UBU"  ENABLE;
--------------------------------------------------------
--  Constraints for Table APEX$TEAM_DEV_FILES
--------------------------------------------------------

  ALTER TABLE "TFGUBU"."APEX$TEAM_DEV_FILES" MODIFY ("COMPONENT_ID" NOT NULL ENABLE);
  ALTER TABLE "TFGUBU"."APEX$TEAM_DEV_FILES" MODIFY ("COMPONENT_TYPE" NOT NULL ENABLE);
  ALTER TABLE "TFGUBU"."APEX$TEAM_DEV_FILES" MODIFY ("FILENAME" NOT NULL ENABLE);
  ALTER TABLE "TFGUBU"."APEX$TEAM_DEV_FILES" ADD CONSTRAINT "WWV_VALID_ATDF_COMP_TY" CHECK (component_type in ('MILESTONE','FEATURE','BUG','FEEDBACK','TODO')) ENABLE;
  ALTER TABLE "TFGUBU"."APEX$TEAM_DEV_FILES" ADD PRIMARY KEY ("ID")
  USING INDEX PCTFREE 10 INITRANS 2 MAXTRANS 255 
  STORAGE( INITIAL 65536 NEXT 1048576 MINEXTENTS 1 MAXEXTENTS 2147483645
  PCTINCREASE 0 FREELISTS 1 FREELIST GROUPS 1
  BUFFER_POOL DEFAULT FLASH_CACHE DEFAULT CELL_FLASH_CACHE DEFAULT)
  TABLESPACE "TFG_UBU"  ENABLE;
--------------------------------------------------------
--  Ref Constraints for Table CONTRATOS
--------------------------------------------------------

  ALTER TABLE "TFGUBU"."CONTRATOS" ADD CONSTRAINT "CONTRATOS_FK1" FOREIGN KEY ("CONTRATADO")
	  REFERENCES "TFGUBU"."SOLICITANTE" ("DNI_SOL") ON DELETE CASCADE ENABLE;
  ALTER TABLE "TFGUBU"."CONTRATOS" ADD CONSTRAINT "CONTRATOS_FK2" FOREIGN KEY ("CONVOCATORIA")
	  REFERENCES "TFGUBU"."CONVOCATORIA" ("REFERENCIA") ON DELETE CASCADE ENABLE;
--------------------------------------------------------
--  Ref Constraints for Table CONVOCATORIA
--------------------------------------------------------

  ALTER TABLE "TFGUBU"."CONVOCATORIA" ADD CONSTRAINT "CONVOCATORIA_FK1" FOREIGN KEY ("REF_INV")
	  REFERENCES "TFGUBU"."RESPONSABLE" ("DNI") ON DELETE CASCADE ENABLE;
  ALTER TABLE "TFGUBU"."CONVOCATORIA" ADD CONSTRAINT "CONVOCATORIA_FK2" FOREIGN KEY ("REF_PROY")
	  REFERENCES "TFGUBU"."PROYECTO" ("ORGANICA") ON DELETE CASCADE ENABLE;
--------------------------------------------------------
--  Ref Constraints for Table EMP
--------------------------------------------------------

  ALTER TABLE "TFGUBU"."EMP" ADD FOREIGN KEY ("MGR")
	  REFERENCES "TFGUBU"."EMP" ("EMPNO") ENABLE;
  ALTER TABLE "TFGUBU"."EMP" ADD FOREIGN KEY ("DEPTNO")
	  REFERENCES "TFGUBU"."DEPT" ("DEPTNO") ENABLE;
--------------------------------------------------------
--  Ref Constraints for Table NOMINA
--------------------------------------------------------

  ALTER TABLE "TFGUBU"."NOMINA" ADD CONSTRAINT "NOMINA_FK1" FOREIGN KEY ("DNI_NOM")
	  REFERENCES "TFGUBU"."SOLICITANTE" ("DNI_SOL") ON DELETE CASCADE ENABLE;
--------------------------------------------------------
--  Ref Constraints for Table PROYECTO
--------------------------------------------------------

  ALTER TABLE "TFGUBU"."PROYECTO" ADD CONSTRAINT "PROYECTO_FK1" FOREIGN KEY ("RESPONSABLE")
	  REFERENCES "TFGUBU"."RESPONSABLE" ("DNI") ON DELETE CASCADE ENABLE;
--------------------------------------------------------
--  Ref Constraints for Table RESPONSABLE
--------------------------------------------------------

  ALTER TABLE "TFGUBU"."RESPONSABLE" ADD CONSTRAINT "RESPONSABLE_FK1" FOREIGN KEY ("DEPTO")
	  REFERENCES "TFGUBU"."DEPTOS" ("REF") ON DELETE CASCADE ENABLE;
--------------------------------------------------------
--  Ref Constraints for Table SOLICITANTE
--------------------------------------------------------

  ALTER TABLE "TFGUBU"."SOLICITANTE" ADD CONSTRAINT "SOLICITANTE_FK1" FOREIGN KEY ("REF_CON")
	  REFERENCES "TFGUBU"."CONVOCATORIA" ("REFERENCIA") ON DELETE SET NULL ENABLE;
