--------------------------------------------------------
-- Archivo creado  - sábado-junio-07-2025   
--------------------------------------------------------
DROP TABLE "TFG"."CONTRATOS" cascade constraints;
DROP TABLE "TFG"."CONVOCATORIA" cascade constraints;
DROP TABLE "TFG"."DEPTOS" cascade constraints;
DROP TABLE "TFG"."NOMINA" cascade constraints;
DROP TABLE "TFG"."PROYECTO" cascade constraints;
DROP TABLE "TFG"."RESPONSABLE" cascade constraints;
DROP TABLE "TFG"."SOLICITANTE" cascade constraints;
DROP TABLE "TFG"."CONVOCATORIA" cascade constraints;
DROP TABLE "TFG"."SOLICITANTE" cascade constraints;
DROP TABLE "TFG"."PROYECTO" cascade constraints;
DROP TABLE "TFG"."RESPONSABLE" cascade constraints;
DROP TABLE "TFG"."DEPTOS" cascade constraints;
DROP TABLE "TFG"."CONTRATOS" cascade constraints;
DROP TABLE "TFG"."NOMINA" cascade constraints;
--------------------------------------------------------
--  DDL for Table CONTRATOS
--------------------------------------------------------

  CREATE TABLE "TFG"."CONTRATOS" 
   (	"REF_CONTRATO" VARCHAR2(10) NOT NULL ENABLE, 
	"F_INI" DATE NOT NULL ENABLE, 
	"F_FIN" DATE NOT NULL ENABLE, 
	"RET_TOT" NUMBER(7,2) DEFAULT 0 NOT NULL ENABLE, 
	"RET_MES" NUMBER(6,2) DEFAULT 0 NOT NULL ENABLE, 
	"SS_MES" NUMBER(6,2) DEFAULT 0 NOT NULL ENABLE, 
	"CONTRATADO" VARCHAR2(9) NOT NULL ENABLE, 
	"RESERVA" NUMBER(7,2) DEFAULT 0, 
	"OBSERVACIONES" VARCHAR2(200), 
	"CONVOCATORIA" VARCHAR2(10) NOT NULL ENABLE, 
	"INDEMNIZACION" NUMBER(7,2), 
	 CONSTRAINT "CONTRATOS_PK" PRIMARY KEY ("REF_CONTRATO")
  USING INDEX PCTFREE 10 INITRANS 2 MAXTRANS 255 COMPUTE STATISTICS 
  STORAGE(INITIAL 65536 NEXT 1048576 MINEXTENTS 1 MAXEXTENTS 2147483645
  PCTINCREASE 0 FREELISTS 1 FREELIST GROUPS 1 BUFFER_POOL DEFAULT FLASH_CACHE DEFAULT CELL_FLASH_CACHE DEFAULT)
  TABLESPACE "TFG_UBU"  ENABLE, 
	 CONSTRAINT "CONTRATOS_FK1" FOREIGN KEY ("CONTRATADO")
	  REFERENCES "TFG"."SOLICITANTE" ("DNI_SOL") ON DELETE CASCADE ENABLE, 
	 CONSTRAINT "CONTRATOS_FK2" FOREIGN KEY ("CONVOCATORIA")
	  REFERENCES "TFG"."CONVOCATORIA" ("REFERENCIA") ON DELETE CASCADE ENABLE
   ) SEGMENT CREATION IMMEDIATE 
  PCTFREE 10 PCTUSED 40 INITRANS 1 MAXTRANS 255 NOCOMPRESS LOGGING
  STORAGE(INITIAL 65536 NEXT 1048576 MINEXTENTS 1 MAXEXTENTS 2147483645
  PCTINCREASE 0 FREELISTS 1 FREELIST GROUPS 1 BUFFER_POOL DEFAULT FLASH_CACHE DEFAULT CELL_FLASH_CACHE DEFAULT)
  TABLESPACE "TFG_UBU"
--------------------------------------------------------
--  DDL for Table CONVOCATORIA
--------------------------------------------------------

  CREATE TABLE "TFG"."CONVOCATORIA" 
   (	"REFERENCIA" VARCHAR2(10) NOT NULL ENABLE, 
	"TITULO" VARCHAR2(50) NOT NULL ENABLE, 
	"TIT_REQUERIDA" VARCHAR2(10) NOT NULL ENABLE, 
	"NUM_PLAZAS" NUMBER(*,0), 
	"ABIERTO" NUMBER(1,0), 
	"REF_INV" VARCHAR2(9) NOT NULL ENABLE, 
	"REF_PROY" VARCHAR2(6) NOT NULL ENABLE, 
	 CONSTRAINT "CONVOCATORIA_PK" PRIMARY KEY ("REFERENCIA")
  USING INDEX PCTFREE 10 INITRANS 2 MAXTRANS 255 COMPUTE STATISTICS 
  STORAGE(INITIAL 65536 NEXT 1048576 MINEXTENTS 1 MAXEXTENTS 2147483645
  PCTINCREASE 0 FREELISTS 1 FREELIST GROUPS 1 BUFFER_POOL DEFAULT FLASH_CACHE DEFAULT CELL_FLASH_CACHE DEFAULT)
  TABLESPACE "TFG_UBU"  ENABLE, 
	 CONSTRAINT "CONVOCATORIA_FK1" FOREIGN KEY ("REF_INV")
	  REFERENCES "TFG"."RESPONSABLE" ("DNI") ON DELETE CASCADE ENABLE, 
	 CONSTRAINT "CONVOCATORIA_FK2" FOREIGN KEY ("REF_PROY")
	  REFERENCES "TFG"."PROYECTO" ("ORGANICA") ON DELETE CASCADE ENABLE
   ) SEGMENT CREATION IMMEDIATE 
  PCTFREE 10 PCTUSED 40 INITRANS 1 MAXTRANS 255 NOCOMPRESS LOGGING
  STORAGE(INITIAL 65536 NEXT 1048576 MINEXTENTS 1 MAXEXTENTS 2147483645
  PCTINCREASE 0 FREELISTS 1 FREELIST GROUPS 1 BUFFER_POOL DEFAULT FLASH_CACHE DEFAULT CELL_FLASH_CACHE DEFAULT)
  TABLESPACE "TFG_UBU"
--------------------------------------------------------
--  DDL for Table DEPTOS
--------------------------------------------------------

  CREATE TABLE "TFG"."DEPTOS" 
   (	"REF" VARCHAR2(4) NOT NULL ENABLE, 
	"NOMBRE" VARCHAR2(50) NOT NULL ENABLE, 
	 CONSTRAINT "DEPTOS_PK" PRIMARY KEY ("REF")
  USING INDEX PCTFREE 10 INITRANS 2 MAXTRANS 255 COMPUTE STATISTICS 
  STORAGE(INITIAL 65536 NEXT 1048576 MINEXTENTS 1 MAXEXTENTS 2147483645
  PCTINCREASE 0 FREELISTS 1 FREELIST GROUPS 1 BUFFER_POOL DEFAULT FLASH_CACHE DEFAULT CELL_FLASH_CACHE DEFAULT)
  TABLESPACE "TFG_UBU"  ENABLE
   ) SEGMENT CREATION IMMEDIATE 
  PCTFREE 10 PCTUSED 40 INITRANS 1 MAXTRANS 255 NOCOMPRESS LOGGING
  STORAGE(INITIAL 65536 NEXT 1048576 MINEXTENTS 1 MAXEXTENTS 2147483645
  PCTINCREASE 0 FREELISTS 1 FREELIST GROUPS 1 BUFFER_POOL DEFAULT FLASH_CACHE DEFAULT CELL_FLASH_CACHE DEFAULT)
  TABLESPACE "TFG_UBU"
--------------------------------------------------------
--  DDL for Table NOMINA
--------------------------------------------------------

  CREATE TABLE "TFG"."NOMINA" 
   (	"DNI_NOM" VARCHAR2(9) NOT NULL ENABLE, 
	"MES" NUMBER(2,0), 
	"ANNO" NUMBER(2,0) DEFAULT 0, 
	"MENSUALIDAD" NUMBER(6,2) DEFAULT 0 NOT NULL ENABLE, 
	"SEG_SOC" NUMBER(6,2) DEFAULT 0 NOT NULL ENABLE, 
	"OBSERVACIONES" VARCHAR2(20), 
	 CONSTRAINT "NOMINA_PK" PRIMARY KEY ("DNI_NOM", "MES", "ANNO")
  USING INDEX PCTFREE 10 INITRANS 2 MAXTRANS 255 COMPUTE STATISTICS 
  STORAGE(INITIAL 65536 NEXT 1048576 MINEXTENTS 1 MAXEXTENTS 2147483645
  PCTINCREASE 0 FREELISTS 1 FREELIST GROUPS 1 BUFFER_POOL DEFAULT FLASH_CACHE DEFAULT CELL_FLASH_CACHE DEFAULT)
  TABLESPACE "TFG_UBU"  ENABLE, 
	 CONSTRAINT "NOMINA_FK1" FOREIGN KEY ("DNI_NOM")
	  REFERENCES "TFG"."SOLICITANTE" ("DNI_SOL") ON DELETE CASCADE ENABLE
   ) SEGMENT CREATION IMMEDIATE 
  PCTFREE 10 PCTUSED 40 INITRANS 1 MAXTRANS 255 NOCOMPRESS LOGGING
  STORAGE(INITIAL 65536 NEXT 1048576 MINEXTENTS 1 MAXEXTENTS 2147483645
  PCTINCREASE 0 FREELISTS 1 FREELIST GROUPS 1 BUFFER_POOL DEFAULT FLASH_CACHE DEFAULT CELL_FLASH_CACHE DEFAULT)
  TABLESPACE "TFG_UBU"
--------------------------------------------------------
--  DDL for Table PROYECTO
--------------------------------------------------------

  CREATE TABLE "TFG"."PROYECTO" 
   (	"ORGANICA" VARCHAR2(6) NOT NULL ENABLE, 
	"TITULO" VARCHAR2(200) NOT NULL ENABLE, 
	"RESPONSABLE" VARCHAR2(9) NOT NULL ENABLE, 
	"FECHA_INI" DATE NOT NULL ENABLE, 
	"FECHA_FIN" DATE NOT NULL ENABLE, 
	 CONSTRAINT "PROYECTO_PK" PRIMARY KEY ("ORGANICA")
  USING INDEX PCTFREE 10 INITRANS 2 MAXTRANS 255 COMPUTE STATISTICS 
  STORAGE(INITIAL 65536 NEXT 1048576 MINEXTENTS 1 MAXEXTENTS 2147483645
  PCTINCREASE 0 FREELISTS 1 FREELIST GROUPS 1 BUFFER_POOL DEFAULT FLASH_CACHE DEFAULT CELL_FLASH_CACHE DEFAULT)
  TABLESPACE "TFG_UBU"  ENABLE, 
	 CONSTRAINT "PROYECTO_FK1" FOREIGN KEY ("RESPONSABLE")
	  REFERENCES "TFG"."RESPONSABLE" ("DNI") ENABLE
   ) SEGMENT CREATION IMMEDIATE 
  PCTFREE 10 PCTUSED 40 INITRANS 1 MAXTRANS 255 NOCOMPRESS LOGGING
  STORAGE(INITIAL 65536 NEXT 1048576 MINEXTENTS 1 MAXEXTENTS 2147483645
  PCTINCREASE 0 FREELISTS 1 FREELIST GROUPS 1 BUFFER_POOL DEFAULT FLASH_CACHE DEFAULT CELL_FLASH_CACHE DEFAULT)
  TABLESPACE "TFG_UBU"
--------------------------------------------------------
--  DDL for Table RESPONSABLE
--------------------------------------------------------

  CREATE TABLE "TFG"."RESPONSABLE" 
   (	"DNI" VARCHAR2(9) NOT NULL ENABLE, 
	"APE1" VARCHAR2(20) NOT NULL ENABLE, 
	"APE2" VARCHAR2(20), 
	"NOMBRE" VARCHAR2(20) NOT NULL ENABLE, 
	"DEPTO" VARCHAR2(20), 
	 CONSTRAINT "RESPONSABLE_PK" PRIMARY KEY ("DNI")
  USING INDEX PCTFREE 10 INITRANS 2 MAXTRANS 255 COMPUTE STATISTICS 
  STORAGE(INITIAL 65536 NEXT 1048576 MINEXTENTS 1 MAXEXTENTS 2147483645
  PCTINCREASE 0 FREELISTS 1 FREELIST GROUPS 1 BUFFER_POOL DEFAULT FLASH_CACHE DEFAULT CELL_FLASH_CACHE DEFAULT)
  TABLESPACE "TFG_UBU"  ENABLE, 
	 CONSTRAINT "RESPONSABLE_FK1" FOREIGN KEY ("DEPTO")
	  REFERENCES "TFG"."DEPTOS" ("REF") ON DELETE CASCADE ENABLE
   ) SEGMENT CREATION IMMEDIATE 
  PCTFREE 10 PCTUSED 40 INITRANS 1 MAXTRANS 255 NOCOMPRESS LOGGING
  STORAGE(INITIAL 65536 NEXT 1048576 MINEXTENTS 1 MAXEXTENTS 2147483645
  PCTINCREASE 0 FREELISTS 1 FREELIST GROUPS 1 BUFFER_POOL DEFAULT FLASH_CACHE DEFAULT CELL_FLASH_CACHE DEFAULT)
  TABLESPACE "TFG_UBU"
--------------------------------------------------------
--  DDL for Table SOLICITANTE
--------------------------------------------------------

  CREATE TABLE "TFG"."SOLICITANTE" 
   (	"DNI_SOL" VARCHAR2(9) NOT NULL ENABLE, 
	"APE1_SOL" VARCHAR2(20) NOT NULL ENABLE, 
	"APE2_SOL" VARCHAR2(20), 
	"NOM_SOL" VARCHAR2(20) NOT NULL ENABLE, 
	"TIT_SOL" VARCHAR2(20) NOT NULL ENABLE, 
	"REF_CON" VARCHAR2(20), 
	 CONSTRAINT "SOLICITANTE_PK" PRIMARY KEY ("DNI_SOL")
  USING INDEX PCTFREE 10 INITRANS 2 MAXTRANS 255 COMPUTE STATISTICS 
  STORAGE(INITIAL 65536 NEXT 1048576 MINEXTENTS 1 MAXEXTENTS 2147483645
  PCTINCREASE 0 FREELISTS 1 FREELIST GROUPS 1 BUFFER_POOL DEFAULT FLASH_CACHE DEFAULT CELL_FLASH_CACHE DEFAULT)
  TABLESPACE "TFG_UBU"  ENABLE, 
	 CONSTRAINT "SOLICITANTE_FK1" FOREIGN KEY ("REF_CON")
	  REFERENCES "TFG"."CONVOCATORIA" ("REFERENCIA") ON DELETE SET NULL ENABLE
   ) SEGMENT CREATION IMMEDIATE 
  PCTFREE 10 PCTUSED 40 INITRANS 1 MAXTRANS 255 NOCOMPRESS LOGGING
  STORAGE(INITIAL 65536 NEXT 1048576 MINEXTENTS 1 MAXEXTENTS 2147483645
  PCTINCREASE 0 FREELISTS 1 FREELIST GROUPS 1 BUFFER_POOL DEFAULT FLASH_CACHE DEFAULT CELL_FLASH_CACHE DEFAULT)
  TABLESPACE "TFG_UBU"
--------------------------------------------------------
--  DDL for Table CONVOCATORIA
--------------------------------------------------------

  CREATE TABLE "TFG"."CONVOCATORIA" 
   (	"REFERENCIA" VARCHAR2(10) NOT NULL ENABLE, 
	"TITULO" VARCHAR2(50) NOT NULL ENABLE, 
	"TIT_REQUERIDA" VARCHAR2(10) NOT NULL ENABLE, 
	"NUM_PLAZAS" NUMBER(*,0), 
	"ABIERTO" NUMBER(1,0), 
	"REF_INV" VARCHAR2(9) NOT NULL ENABLE, 
	"REF_PROY" VARCHAR2(6) NOT NULL ENABLE, 
	 CONSTRAINT "CONVOCATORIA_PK" PRIMARY KEY ("REFERENCIA")
  USING INDEX PCTFREE 10 INITRANS 2 MAXTRANS 255 COMPUTE STATISTICS 
  STORAGE(INITIAL 65536 NEXT 1048576 MINEXTENTS 1 MAXEXTENTS 2147483645
  PCTINCREASE 0 FREELISTS 1 FREELIST GROUPS 1 BUFFER_POOL DEFAULT FLASH_CACHE DEFAULT CELL_FLASH_CACHE DEFAULT)
  TABLESPACE "TFG_UBU"  ENABLE, 
	 CONSTRAINT "CONVOCATORIA_FK1" FOREIGN KEY ("REF_INV")
	  REFERENCES "TFG"."RESPONSABLE" ("DNI") ON DELETE CASCADE ENABLE, 
	 CONSTRAINT "CONVOCATORIA_FK2" FOREIGN KEY ("REF_PROY")
	  REFERENCES "TFG"."PROYECTO" ("ORGANICA") ON DELETE CASCADE ENABLE
   ) SEGMENT CREATION IMMEDIATE 
  PCTFREE 10 PCTUSED 40 INITRANS 1 MAXTRANS 255 NOCOMPRESS LOGGING
  STORAGE(INITIAL 65536 NEXT 1048576 MINEXTENTS 1 MAXEXTENTS 2147483645
  PCTINCREASE 0 FREELISTS 1 FREELIST GROUPS 1 BUFFER_POOL DEFAULT FLASH_CACHE DEFAULT CELL_FLASH_CACHE DEFAULT)
  TABLESPACE "TFG_UBU"
--------------------------------------------------------
--  DDL for Table SOLICITANTE
--------------------------------------------------------

  CREATE TABLE "TFG"."SOLICITANTE" 
   (	"DNI_SOL" VARCHAR2(9) NOT NULL ENABLE, 
	"APE1_SOL" VARCHAR2(20) NOT NULL ENABLE, 
	"APE2_SOL" VARCHAR2(20), 
	"NOM_SOL" VARCHAR2(20) NOT NULL ENABLE, 
	"TIT_SOL" VARCHAR2(20) NOT NULL ENABLE, 
	"REF_CON" VARCHAR2(20), 
	 CONSTRAINT "SOLICITANTE_PK" PRIMARY KEY ("DNI_SOL")
  USING INDEX PCTFREE 10 INITRANS 2 MAXTRANS 255 COMPUTE STATISTICS 
  STORAGE(INITIAL 65536 NEXT 1048576 MINEXTENTS 1 MAXEXTENTS 2147483645
  PCTINCREASE 0 FREELISTS 1 FREELIST GROUPS 1 BUFFER_POOL DEFAULT FLASH_CACHE DEFAULT CELL_FLASH_CACHE DEFAULT)
  TABLESPACE "TFG_UBU"  ENABLE, 
	 CONSTRAINT "SOLICITANTE_FK1" FOREIGN KEY ("REF_CON")
	  REFERENCES "TFG"."CONVOCATORIA" ("REFERENCIA") ON DELETE SET NULL ENABLE
   ) SEGMENT CREATION IMMEDIATE 
  PCTFREE 10 PCTUSED 40 INITRANS 1 MAXTRANS 255 NOCOMPRESS LOGGING
  STORAGE(INITIAL 65536 NEXT 1048576 MINEXTENTS 1 MAXEXTENTS 2147483645
  PCTINCREASE 0 FREELISTS 1 FREELIST GROUPS 1 BUFFER_POOL DEFAULT FLASH_CACHE DEFAULT CELL_FLASH_CACHE DEFAULT)
  TABLESPACE "TFG_UBU"
--------------------------------------------------------
--  DDL for Table PROYECTO
--------------------------------------------------------

  CREATE TABLE "TFG"."PROYECTO" 
   (	"ORGANICA" VARCHAR2(6) NOT NULL ENABLE, 
	"TITULO" VARCHAR2(200) NOT NULL ENABLE, 
	"RESPONSABLE" VARCHAR2(9) NOT NULL ENABLE, 
	"FECHA_INI" DATE NOT NULL ENABLE, 
	"FECHA_FIN" DATE NOT NULL ENABLE, 
	 CONSTRAINT "PROYECTO_PK" PRIMARY KEY ("ORGANICA")
  USING INDEX PCTFREE 10 INITRANS 2 MAXTRANS 255 COMPUTE STATISTICS 
  STORAGE(INITIAL 65536 NEXT 1048576 MINEXTENTS 1 MAXEXTENTS 2147483645
  PCTINCREASE 0 FREELISTS 1 FREELIST GROUPS 1 BUFFER_POOL DEFAULT FLASH_CACHE DEFAULT CELL_FLASH_CACHE DEFAULT)
  TABLESPACE "TFG_UBU"  ENABLE, 
	 CONSTRAINT "PROYECTO_FK1" FOREIGN KEY ("RESPONSABLE")
	  REFERENCES "TFG"."RESPONSABLE" ("DNI") ENABLE
   ) SEGMENT CREATION IMMEDIATE 
  PCTFREE 10 PCTUSED 40 INITRANS 1 MAXTRANS 255 NOCOMPRESS LOGGING
  STORAGE(INITIAL 65536 NEXT 1048576 MINEXTENTS 1 MAXEXTENTS 2147483645
  PCTINCREASE 0 FREELISTS 1 FREELIST GROUPS 1 BUFFER_POOL DEFAULT FLASH_CACHE DEFAULT CELL_FLASH_CACHE DEFAULT)
  TABLESPACE "TFG_UBU"
--------------------------------------------------------
--  DDL for Table RESPONSABLE
--------------------------------------------------------

  CREATE TABLE "TFG"."RESPONSABLE" 
   (	"DNI" VARCHAR2(9) NOT NULL ENABLE, 
	"APE1" VARCHAR2(20) NOT NULL ENABLE, 
	"APE2" VARCHAR2(20), 
	"NOMBRE" VARCHAR2(20) NOT NULL ENABLE, 
	"DEPTO" VARCHAR2(20), 
	 CONSTRAINT "RESPONSABLE_PK" PRIMARY KEY ("DNI")
  USING INDEX PCTFREE 10 INITRANS 2 MAXTRANS 255 COMPUTE STATISTICS 
  STORAGE(INITIAL 65536 NEXT 1048576 MINEXTENTS 1 MAXEXTENTS 2147483645
  PCTINCREASE 0 FREELISTS 1 FREELIST GROUPS 1 BUFFER_POOL DEFAULT FLASH_CACHE DEFAULT CELL_FLASH_CACHE DEFAULT)
  TABLESPACE "TFG_UBU"  ENABLE, 
	 CONSTRAINT "RESPONSABLE_FK1" FOREIGN KEY ("DEPTO")
	  REFERENCES "TFG"."DEPTOS" ("REF") ON DELETE CASCADE ENABLE
   ) SEGMENT CREATION IMMEDIATE 
  PCTFREE 10 PCTUSED 40 INITRANS 1 MAXTRANS 255 NOCOMPRESS LOGGING
  STORAGE(INITIAL 65536 NEXT 1048576 MINEXTENTS 1 MAXEXTENTS 2147483645
  PCTINCREASE 0 FREELISTS 1 FREELIST GROUPS 1 BUFFER_POOL DEFAULT FLASH_CACHE DEFAULT CELL_FLASH_CACHE DEFAULT)
  TABLESPACE "TFG_UBU"
--------------------------------------------------------
--  DDL for Table DEPTOS
--------------------------------------------------------

  CREATE TABLE "TFG"."DEPTOS" 
   (	"REF" VARCHAR2(4) NOT NULL ENABLE, 
	"NOMBRE" VARCHAR2(50) NOT NULL ENABLE, 
	 CONSTRAINT "DEPTOS_PK" PRIMARY KEY ("REF")
  USING INDEX PCTFREE 10 INITRANS 2 MAXTRANS 255 COMPUTE STATISTICS 
  STORAGE(INITIAL 65536 NEXT 1048576 MINEXTENTS 1 MAXEXTENTS 2147483645
  PCTINCREASE 0 FREELISTS 1 FREELIST GROUPS 1 BUFFER_POOL DEFAULT FLASH_CACHE DEFAULT CELL_FLASH_CACHE DEFAULT)
  TABLESPACE "TFG_UBU"  ENABLE
   ) SEGMENT CREATION IMMEDIATE 
  PCTFREE 10 PCTUSED 40 INITRANS 1 MAXTRANS 255 NOCOMPRESS LOGGING
  STORAGE(INITIAL 65536 NEXT 1048576 MINEXTENTS 1 MAXEXTENTS 2147483645
  PCTINCREASE 0 FREELISTS 1 FREELIST GROUPS 1 BUFFER_POOL DEFAULT FLASH_CACHE DEFAULT CELL_FLASH_CACHE DEFAULT)
  TABLESPACE "TFG_UBU"
--------------------------------------------------------
--  DDL for Table CONTRATOS
--------------------------------------------------------

  CREATE TABLE "TFG"."CONTRATOS" 
   (	"REF_CONTRATO" VARCHAR2(10) NOT NULL ENABLE, 
	"F_INI" DATE NOT NULL ENABLE, 
	"F_FIN" DATE NOT NULL ENABLE, 
	"RET_TOT" NUMBER(7,2) DEFAULT 0 NOT NULL ENABLE, 
	"RET_MES" NUMBER(6,2) DEFAULT 0 NOT NULL ENABLE, 
	"SS_MES" NUMBER(6,2) DEFAULT 0 NOT NULL ENABLE, 
	"CONTRATADO" VARCHAR2(9) NOT NULL ENABLE, 
	"RESERVA" NUMBER(7,2) DEFAULT 0, 
	"OBSERVACIONES" VARCHAR2(200), 
	"CONVOCATORIA" VARCHAR2(10) NOT NULL ENABLE, 
	"INDEMNIZACION" NUMBER(7,2), 
	 CONSTRAINT "CONTRATOS_PK" PRIMARY KEY ("REF_CONTRATO")
  USING INDEX PCTFREE 10 INITRANS 2 MAXTRANS 255 COMPUTE STATISTICS 
  STORAGE(INITIAL 65536 NEXT 1048576 MINEXTENTS 1 MAXEXTENTS 2147483645
  PCTINCREASE 0 FREELISTS 1 FREELIST GROUPS 1 BUFFER_POOL DEFAULT FLASH_CACHE DEFAULT CELL_FLASH_CACHE DEFAULT)
  TABLESPACE "TFG_UBU"  ENABLE, 
	 CONSTRAINT "CONTRATOS_FK1" FOREIGN KEY ("CONTRATADO")
	  REFERENCES "TFG"."SOLICITANTE" ("DNI_SOL") ON DELETE CASCADE ENABLE, 
	 CONSTRAINT "CONTRATOS_FK2" FOREIGN KEY ("CONVOCATORIA")
	  REFERENCES "TFG"."CONVOCATORIA" ("REFERENCIA") ON DELETE CASCADE ENABLE
   ) SEGMENT CREATION IMMEDIATE 
  PCTFREE 10 PCTUSED 40 INITRANS 1 MAXTRANS 255 NOCOMPRESS LOGGING
  STORAGE(INITIAL 65536 NEXT 1048576 MINEXTENTS 1 MAXEXTENTS 2147483645
  PCTINCREASE 0 FREELISTS 1 FREELIST GROUPS 1 BUFFER_POOL DEFAULT FLASH_CACHE DEFAULT CELL_FLASH_CACHE DEFAULT)
  TABLESPACE "TFG_UBU"
--------------------------------------------------------
--  DDL for Table NOMINA
--------------------------------------------------------

  CREATE TABLE "TFG"."NOMINA" 
   (	"DNI_NOM" VARCHAR2(9) NOT NULL ENABLE, 
	"MES" NUMBER(2,0), 
	"ANNO" NUMBER(2,0) DEFAULT 0, 
	"MENSUALIDAD" NUMBER(6,2) DEFAULT 0 NOT NULL ENABLE, 
	"SEG_SOC" NUMBER(6,2) DEFAULT 0 NOT NULL ENABLE, 
	"OBSERVACIONES" VARCHAR2(20), 
	 CONSTRAINT "NOMINA_PK" PRIMARY KEY ("DNI_NOM", "MES", "ANNO")
  USING INDEX PCTFREE 10 INITRANS 2 MAXTRANS 255 COMPUTE STATISTICS 
  STORAGE(INITIAL 65536 NEXT 1048576 MINEXTENTS 1 MAXEXTENTS 2147483645
  PCTINCREASE 0 FREELISTS 1 FREELIST GROUPS 1 BUFFER_POOL DEFAULT FLASH_CACHE DEFAULT CELL_FLASH_CACHE DEFAULT)
  TABLESPACE "TFG_UBU"  ENABLE, 
	 CONSTRAINT "NOMINA_FK1" FOREIGN KEY ("DNI_NOM")
	  REFERENCES "TFG"."SOLICITANTE" ("DNI_SOL") ON DELETE CASCADE ENABLE
   ) SEGMENT CREATION IMMEDIATE 
  PCTFREE 10 PCTUSED 40 INITRANS 1 MAXTRANS 255 NOCOMPRESS LOGGING
  STORAGE(INITIAL 65536 NEXT 1048576 MINEXTENTS 1 MAXEXTENTS 2147483645
  PCTINCREASE 0 FREELISTS 1 FREELIST GROUPS 1 BUFFER_POOL DEFAULT FLASH_CACHE DEFAULT CELL_FLASH_CACHE DEFAULT)
  TABLESPACE "TFG_UBU"
REM INSERTING into TFG.CONTRATOS
SET DEFINE OFF;
Insert into TFG.CONTRATOS (REF_CONTRATO,F_INI,F_FIN,RET_TOT,RET_MES,SS_MES,CONTRATADO,RESERVA,OBSERVACIONES,CONVOCATORIA,INDEMNIZACION) values ('CONTRA0001',to_date('01/01/25','DD/MM/RR'),to_date('31/12/25','DD/MM/RR'),'30000','2700','300','00000001W','30000',null,'CONVOC0001',null);
Insert into TFG.CONTRATOS (REF_CONTRATO,F_INI,F_FIN,RET_TOT,RET_MES,SS_MES,CONTRATADO,RESERVA,OBSERVACIONES,CONVOCATORIA,INDEMNIZACION) values ('CONTRA0002',to_date('01/07/25','DD/MM/RR'),to_date('31/07/25','DD/MM/RR'),'2000','1750','250','00000002X','2000',null,'CONVOC0002',null);
Insert into TFG.CONTRATOS (REF_CONTRATO,F_INI,F_FIN,RET_TOT,RET_MES,SS_MES,CONTRATADO,RESERVA,OBSERVACIONES,CONVOCATORIA,INDEMNIZACION) values ('CONTRA0003',to_date('01/07/25','DD/MM/RR'),to_date('31/07/25','DD/MM/RR'),'2000','1750','250','00000003Y','2000',null,'CONVOC0002',null);
Insert into TFG.CONTRATOS (REF_CONTRATO,F_INI,F_FIN,RET_TOT,RET_MES,SS_MES,CONTRATADO,RESERVA,OBSERVACIONES,CONVOCATORIA,INDEMNIZACION) values ('CONTRA0004',to_date('01/07/25','DD/MM/RR'),to_date('31/07/25','DD/MM/RR'),'2000','1750','250','00000004Z','2000',null,'CONVOC0002',null);
REM INSERTING into TFG.CONVOCATORIA
SET DEFINE OFF;
Insert into TFG.CONVOCATORIA (REFERENCIA,TITULO,TIT_REQUERIDA,NUM_PLAZAS,ABIERTO,REF_INV,REF_PROY) values ('CONVOC0001','Responsable de estadísticas','Diplomado','1','1','00000001A','ORGA01');
Insert into TFG.CONVOCATORIA (REFERENCIA,TITULO,TIT_REQUERIDA,NUM_PLAZAS,ABIERTO,REF_INV,REF_PROY) values ('CONVOC0002','Trabajos arqueología Atapuerca','Máster','3','1','00000002B','ORGA02');
REM INSERTING into TFG.DEPTOS
SET DEFINE OFF;
Insert into TFG.DEPTOS (REF,NOMBRE) values ('V105','BIOTECNOLOGIA Y CIENCIA DE LOS ALIMENTOS');
Insert into TFG.DEPTOS (REF,NOMBRE) values ('V112','CIENCIAS DE LA EDUCACION');
Insert into TFG.DEPTOS (REF,NOMBRE) values ('V123','DIGITALIZACION');
Insert into TFG.DEPTOS (REF,NOMBRE) values ('V110','ECONOMIA');
Insert into TFG.DEPTOS (REF,NOMBRE) values ('V103','FISICA');
Insert into TFG.DEPTOS (REF,NOMBRE) values ('V122','INGENIERIA DE ORGANIZACIÓN');
Insert into TFG.DEPTOS (REF,NOMBRE) values ('V121','INGENIERIA INFORMATICA');
Insert into TFG.DEPTOS (REF,NOMBRE) values ('V118','INGENIERIA CIVIL');
Insert into TFG.DEPTOS (REF,NOMBRE) values ('V104','QUIMICA');
REM INSERTING into TFG.NOMINA
SET DEFINE OFF;
Insert into TFG.NOMINA (DNI_NOM,MES,ANNO,MENSUALIDAD,SEG_SOC,OBSERVACIONES) values ('00000001W','7','25','2700','300',null);
Insert into TFG.NOMINA (DNI_NOM,MES,ANNO,MENSUALIDAD,SEG_SOC,OBSERVACIONES) values ('00000002X','7','25','1750','250',null);
Insert into TFG.NOMINA (DNI_NOM,MES,ANNO,MENSUALIDAD,SEG_SOC,OBSERVACIONES) values ('00000003Y','7','25','1750','250',null);
Insert into TFG.NOMINA (DNI_NOM,MES,ANNO,MENSUALIDAD,SEG_SOC,OBSERVACIONES) values ('00000004Z','7','25','1750','250',null);
REM INSERTING into TFG.PROYECTO
SET DEFINE OFF;
Insert into TFG.PROYECTO (ORGANICA,TITULO,RESPONSABLE,FECHA_INI,FECHA_FIN) values ('ORGA01','Digitalizacion del mundo rural','00000001A',to_date('01/01/23','DD/MM/RR'),to_date('31/12/25','DD/MM/RR'));
Insert into TFG.PROYECTO (ORGANICA,TITULO,RESPONSABLE,FECHA_INI,FECHA_FIN) values ('ORGA02','Paleontología en Atapuerca','00000002B',to_date('01/10/24','DD/MM/RR'),to_date('30/09/25','DD/MM/RR'));
REM INSERTING into TFG.RESPONSABLE
SET DEFINE OFF;
Insert into TFG.RESPONSABLE (DNI,APE1,APE2,NOMBRE,DEPTO) values ('00000001A','RODRIGUEZ','LOPEZ','PEDRO','V121');
Insert into TFG.RESPONSABLE (DNI,APE1,APE2,NOMBRE,DEPTO) values ('00000002B','SANCHEZ','RUIZ','FELIPE','V103');
Insert into TFG.RESPONSABLE (DNI,APE1,APE2,NOMBRE,DEPTO) values ('00000003C','JIMENEZ','DIAZ','ANDRES','V121');
REM INSERTING into TFG.SOLICITANTE
SET DEFINE OFF;
Insert into TFG.SOLICITANTE (DNI_SOL,APE1_SOL,APE2_SOL,NOM_SOL,TIT_SOL,REF_CON) values ('00000001W','PEREZ','MARTINEZ','LUIS','Máster','CONVOC0001');
Insert into TFG.SOLICITANTE (DNI_SOL,APE1_SOL,APE2_SOL,NOM_SOL,TIT_SOL,REF_CON) values ('00000002X','MAZA','LEAL','LUICIA','Doctor','CONVOC0002');
Insert into TFG.SOLICITANTE (DNI_SOL,APE1_SOL,APE2_SOL,NOM_SOL,TIT_SOL,REF_CON) values ('00000003Y','CARRO','GIL','PEDRO','Graduado','CONVOC0002');
Insert into TFG.SOLICITANTE (DNI_SOL,APE1_SOL,APE2_SOL,NOM_SOL,TIT_SOL,REF_CON) values ('00000004Z','RODRIGUEZ','PEREZ','CLARA','Máster','CONVOC0002');
--------------------------------------------------------
--  DDL for Index CONTRATOS_PK
--------------------------------------------------------

  CREATE UNIQUE INDEX "TFG"."CONTRATOS_PK" ON "TFG"."CONTRATOS" ("REF_CONTRATO") 
  PCTFREE 10 INITRANS 2 MAXTRANS 255 COMPUTE STATISTICS 
  STORAGE(INITIAL 65536 NEXT 1048576 MINEXTENTS 1 MAXEXTENTS 2147483645
  PCTINCREASE 0 FREELISTS 1 FREELIST GROUPS 1 BUFFER_POOL DEFAULT FLASH_CACHE DEFAULT CELL_FLASH_CACHE DEFAULT)
  TABLESPACE "TFG_UBU"
--------------------------------------------------------
--  DDL for Index CONVOCATORIA_PK
--------------------------------------------------------

  CREATE UNIQUE INDEX "TFG"."CONVOCATORIA_PK" ON "TFG"."CONVOCATORIA" ("REFERENCIA") 
  PCTFREE 10 INITRANS 2 MAXTRANS 255 COMPUTE STATISTICS 
  STORAGE(INITIAL 65536 NEXT 1048576 MINEXTENTS 1 MAXEXTENTS 2147483645
  PCTINCREASE 0 FREELISTS 1 FREELIST GROUPS 1 BUFFER_POOL DEFAULT FLASH_CACHE DEFAULT CELL_FLASH_CACHE DEFAULT)
  TABLESPACE "TFG_UBU"
--------------------------------------------------------
--  DDL for Index DEPTOS_PK
--------------------------------------------------------

  CREATE UNIQUE INDEX "TFG"."DEPTOS_PK" ON "TFG"."DEPTOS" ("REF") 
  PCTFREE 10 INITRANS 2 MAXTRANS 255 COMPUTE STATISTICS 
  STORAGE(INITIAL 65536 NEXT 1048576 MINEXTENTS 1 MAXEXTENTS 2147483645
  PCTINCREASE 0 FREELISTS 1 FREELIST GROUPS 1 BUFFER_POOL DEFAULT FLASH_CACHE DEFAULT CELL_FLASH_CACHE DEFAULT)
  TABLESPACE "TFG_UBU"
--------------------------------------------------------
--  DDL for Index NOMINA_PK
--------------------------------------------------------

  CREATE UNIQUE INDEX "TFG"."NOMINA_PK" ON "TFG"."NOMINA" ("DNI_NOM", "MES", "ANNO") 
  PCTFREE 10 INITRANS 2 MAXTRANS 255 COMPUTE STATISTICS 
  STORAGE(INITIAL 65536 NEXT 1048576 MINEXTENTS 1 MAXEXTENTS 2147483645
  PCTINCREASE 0 FREELISTS 1 FREELIST GROUPS 1 BUFFER_POOL DEFAULT FLASH_CACHE DEFAULT CELL_FLASH_CACHE DEFAULT)
  TABLESPACE "TFG_UBU"
--------------------------------------------------------
--  DDL for Index PROYECTO_PK
--------------------------------------------------------

  CREATE UNIQUE INDEX "TFG"."PROYECTO_PK" ON "TFG"."PROYECTO" ("ORGANICA") 
  PCTFREE 10 INITRANS 2 MAXTRANS 255 COMPUTE STATISTICS 
  STORAGE(INITIAL 65536 NEXT 1048576 MINEXTENTS 1 MAXEXTENTS 2147483645
  PCTINCREASE 0 FREELISTS 1 FREELIST GROUPS 1 BUFFER_POOL DEFAULT FLASH_CACHE DEFAULT CELL_FLASH_CACHE DEFAULT)
  TABLESPACE "TFG_UBU"
--------------------------------------------------------
--  DDL for Index RESPONSABLE_PK
--------------------------------------------------------

  CREATE UNIQUE INDEX "TFG"."RESPONSABLE_PK" ON "TFG"."RESPONSABLE" ("DNI") 
  PCTFREE 10 INITRANS 2 MAXTRANS 255 COMPUTE STATISTICS 
  STORAGE(INITIAL 65536 NEXT 1048576 MINEXTENTS 1 MAXEXTENTS 2147483645
  PCTINCREASE 0 FREELISTS 1 FREELIST GROUPS 1 BUFFER_POOL DEFAULT FLASH_CACHE DEFAULT CELL_FLASH_CACHE DEFAULT)
  TABLESPACE "TFG_UBU"
--------------------------------------------------------
--  DDL for Index SOLICITANTE_PK
--------------------------------------------------------

  CREATE UNIQUE INDEX "TFG"."SOLICITANTE_PK" ON "TFG"."SOLICITANTE" ("DNI_SOL") 
  PCTFREE 10 INITRANS 2 MAXTRANS 255 COMPUTE STATISTICS 
  STORAGE(INITIAL 65536 NEXT 1048576 MINEXTENTS 1 MAXEXTENTS 2147483645
  PCTINCREASE 0 FREELISTS 1 FREELIST GROUPS 1 BUFFER_POOL DEFAULT FLASH_CACHE DEFAULT CELL_FLASH_CACHE DEFAULT)
  TABLESPACE "TFG_UBU"
--------------------------------------------------------
--  DDL for Index CONTRATOS_PK
--------------------------------------------------------

  CREATE UNIQUE INDEX "TFG"."CONTRATOS_PK" ON "TFG"."CONTRATOS" ("REF_CONTRATO") 
  PCTFREE 10 INITRANS 2 MAXTRANS 255 COMPUTE STATISTICS 
  STORAGE(INITIAL 65536 NEXT 1048576 MINEXTENTS 1 MAXEXTENTS 2147483645
  PCTINCREASE 0 FREELISTS 1 FREELIST GROUPS 1 BUFFER_POOL DEFAULT FLASH_CACHE DEFAULT CELL_FLASH_CACHE DEFAULT)
  TABLESPACE "TFG_UBU"
--------------------------------------------------------
--  DDL for Index CONVOCATORIA_PK
--------------------------------------------------------

  CREATE UNIQUE INDEX "TFG"."CONVOCATORIA_PK" ON "TFG"."CONVOCATORIA" ("REFERENCIA") 
  PCTFREE 10 INITRANS 2 MAXTRANS 255 COMPUTE STATISTICS 
  STORAGE(INITIAL 65536 NEXT 1048576 MINEXTENTS 1 MAXEXTENTS 2147483645
  PCTINCREASE 0 FREELISTS 1 FREELIST GROUPS 1 BUFFER_POOL DEFAULT FLASH_CACHE DEFAULT CELL_FLASH_CACHE DEFAULT)
  TABLESPACE "TFG_UBU"
--------------------------------------------------------
--  DDL for Index DEPTOS_PK
--------------------------------------------------------

  CREATE UNIQUE INDEX "TFG"."DEPTOS_PK" ON "TFG"."DEPTOS" ("REF") 
  PCTFREE 10 INITRANS 2 MAXTRANS 255 COMPUTE STATISTICS 
  STORAGE(INITIAL 65536 NEXT 1048576 MINEXTENTS 1 MAXEXTENTS 2147483645
  PCTINCREASE 0 FREELISTS 1 FREELIST GROUPS 1 BUFFER_POOL DEFAULT FLASH_CACHE DEFAULT CELL_FLASH_CACHE DEFAULT)
  TABLESPACE "TFG_UBU"
--------------------------------------------------------
--  DDL for Index NOMINA_PK
--------------------------------------------------------

  CREATE UNIQUE INDEX "TFG"."NOMINA_PK" ON "TFG"."NOMINA" ("DNI_NOM", "MES", "ANNO") 
  PCTFREE 10 INITRANS 2 MAXTRANS 255 COMPUTE STATISTICS 
  STORAGE(INITIAL 65536 NEXT 1048576 MINEXTENTS 1 MAXEXTENTS 2147483645
  PCTINCREASE 0 FREELISTS 1 FREELIST GROUPS 1 BUFFER_POOL DEFAULT FLASH_CACHE DEFAULT CELL_FLASH_CACHE DEFAULT)
  TABLESPACE "TFG_UBU"
--------------------------------------------------------
--  DDL for Index PROYECTO_PK
--------------------------------------------------------

  CREATE UNIQUE INDEX "TFG"."PROYECTO_PK" ON "TFG"."PROYECTO" ("ORGANICA") 
  PCTFREE 10 INITRANS 2 MAXTRANS 255 COMPUTE STATISTICS 
  STORAGE(INITIAL 65536 NEXT 1048576 MINEXTENTS 1 MAXEXTENTS 2147483645
  PCTINCREASE 0 FREELISTS 1 FREELIST GROUPS 1 BUFFER_POOL DEFAULT FLASH_CACHE DEFAULT CELL_FLASH_CACHE DEFAULT)
  TABLESPACE "TFG_UBU"
--------------------------------------------------------
--  DDL for Index RESPONSABLE_PK
--------------------------------------------------------

  CREATE UNIQUE INDEX "TFG"."RESPONSABLE_PK" ON "TFG"."RESPONSABLE" ("DNI") 
  PCTFREE 10 INITRANS 2 MAXTRANS 255 COMPUTE STATISTICS 
  STORAGE(INITIAL 65536 NEXT 1048576 MINEXTENTS 1 MAXEXTENTS 2147483645
  PCTINCREASE 0 FREELISTS 1 FREELIST GROUPS 1 BUFFER_POOL DEFAULT FLASH_CACHE DEFAULT CELL_FLASH_CACHE DEFAULT)
  TABLESPACE "TFG_UBU"
--------------------------------------------------------
--  DDL for Index SOLICITANTE_PK
--------------------------------------------------------

  CREATE UNIQUE INDEX "TFG"."SOLICITANTE_PK" ON "TFG"."SOLICITANTE" ("DNI_SOL") 
  PCTFREE 10 INITRANS 2 MAXTRANS 255 COMPUTE STATISTICS 
  STORAGE(INITIAL 65536 NEXT 1048576 MINEXTENTS 1 MAXEXTENTS 2147483645
  PCTINCREASE 0 FREELISTS 1 FREELIST GROUPS 1 BUFFER_POOL DEFAULT FLASH_CACHE DEFAULT CELL_FLASH_CACHE DEFAULT)
  TABLESPACE "TFG_UBU"
--------------------------------------------------------
--  Constraints for Table CONTRATOS
--------------------------------------------------------

  ALTER TABLE "TFG"."CONTRATOS" MODIFY ("CONVOCATORIA" NOT NULL ENABLE)
  ALTER TABLE "TFG"."CONTRATOS" ADD CONSTRAINT "CONTRATOS_PK" PRIMARY KEY ("REF_CONTRATO")
  USING INDEX PCTFREE 10 INITRANS 2 MAXTRANS 255 COMPUTE STATISTICS 
  STORAGE(INITIAL 65536 NEXT 1048576 MINEXTENTS 1 MAXEXTENTS 2147483645
  PCTINCREASE 0 FREELISTS 1 FREELIST GROUPS 1 BUFFER_POOL DEFAULT FLASH_CACHE DEFAULT CELL_FLASH_CACHE DEFAULT)
  TABLESPACE "TFG_UBU"  ENABLE
  ALTER TABLE "TFG"."CONTRATOS" MODIFY ("CONTRATADO" NOT NULL ENABLE)
  ALTER TABLE "TFG"."CONTRATOS" MODIFY ("SS_MES" NOT NULL ENABLE)
  ALTER TABLE "TFG"."CONTRATOS" MODIFY ("RET_MES" NOT NULL ENABLE)
  ALTER TABLE "TFG"."CONTRATOS" MODIFY ("RET_TOT" NOT NULL ENABLE)
  ALTER TABLE "TFG"."CONTRATOS" MODIFY ("F_FIN" NOT NULL ENABLE)
  ALTER TABLE "TFG"."CONTRATOS" MODIFY ("F_INI" NOT NULL ENABLE)
  ALTER TABLE "TFG"."CONTRATOS" MODIFY ("REF_CONTRATO" NOT NULL ENABLE)
--------------------------------------------------------
--  Constraints for Table CONVOCATORIA
--------------------------------------------------------

  ALTER TABLE "TFG"."CONVOCATORIA" ADD CONSTRAINT "CONVOCATORIA_PK" PRIMARY KEY ("REFERENCIA")
  USING INDEX PCTFREE 10 INITRANS 2 MAXTRANS 255 COMPUTE STATISTICS 
  STORAGE(INITIAL 65536 NEXT 1048576 MINEXTENTS 1 MAXEXTENTS 2147483645
  PCTINCREASE 0 FREELISTS 1 FREELIST GROUPS 1 BUFFER_POOL DEFAULT FLASH_CACHE DEFAULT CELL_FLASH_CACHE DEFAULT)
  TABLESPACE "TFG_UBU"  ENABLE
  ALTER TABLE "TFG"."CONVOCATORIA" MODIFY ("REF_PROY" NOT NULL ENABLE)
  ALTER TABLE "TFG"."CONVOCATORIA" MODIFY ("REF_INV" NOT NULL ENABLE)
  ALTER TABLE "TFG"."CONVOCATORIA" MODIFY ("TIT_REQUERIDA" NOT NULL ENABLE)
  ALTER TABLE "TFG"."CONVOCATORIA" MODIFY ("TITULO" NOT NULL ENABLE)
  ALTER TABLE "TFG"."CONVOCATORIA" MODIFY ("REFERENCIA" NOT NULL ENABLE)
--------------------------------------------------------
--  Constraints for Table DEPTOS
--------------------------------------------------------

  ALTER TABLE "TFG"."DEPTOS" ADD CONSTRAINT "DEPTOS_PK" PRIMARY KEY ("REF")
  USING INDEX PCTFREE 10 INITRANS 2 MAXTRANS 255 COMPUTE STATISTICS 
  STORAGE(INITIAL 65536 NEXT 1048576 MINEXTENTS 1 MAXEXTENTS 2147483645
  PCTINCREASE 0 FREELISTS 1 FREELIST GROUPS 1 BUFFER_POOL DEFAULT FLASH_CACHE DEFAULT CELL_FLASH_CACHE DEFAULT)
  TABLESPACE "TFG_UBU"  ENABLE
  ALTER TABLE "TFG"."DEPTOS" MODIFY ("NOMBRE" NOT NULL ENABLE)
  ALTER TABLE "TFG"."DEPTOS" MODIFY ("REF" NOT NULL ENABLE)
--------------------------------------------------------
--  Constraints for Table NOMINA
--------------------------------------------------------

  ALTER TABLE "TFG"."NOMINA" ADD CONSTRAINT "NOMINA_PK" PRIMARY KEY ("DNI_NOM", "MES", "ANNO")
  USING INDEX PCTFREE 10 INITRANS 2 MAXTRANS 255 COMPUTE STATISTICS 
  STORAGE(INITIAL 65536 NEXT 1048576 MINEXTENTS 1 MAXEXTENTS 2147483645
  PCTINCREASE 0 FREELISTS 1 FREELIST GROUPS 1 BUFFER_POOL DEFAULT FLASH_CACHE DEFAULT CELL_FLASH_CACHE DEFAULT)
  TABLESPACE "TFG_UBU"  ENABLE
  ALTER TABLE "TFG"."NOMINA" MODIFY ("SEG_SOC" NOT NULL ENABLE)
  ALTER TABLE "TFG"."NOMINA" MODIFY ("MENSUALIDAD" NOT NULL ENABLE)
  ALTER TABLE "TFG"."NOMINA" MODIFY ("DNI_NOM" NOT NULL ENABLE)
--------------------------------------------------------
--  Constraints for Table PROYECTO
--------------------------------------------------------

  ALTER TABLE "TFG"."PROYECTO" MODIFY ("FECHA_FIN" NOT NULL ENABLE)
  ALTER TABLE "TFG"."PROYECTO" MODIFY ("FECHA_INI" NOT NULL ENABLE)
  ALTER TABLE "TFG"."PROYECTO" ADD CONSTRAINT "PROYECTO_PK" PRIMARY KEY ("ORGANICA")
  USING INDEX PCTFREE 10 INITRANS 2 MAXTRANS 255 COMPUTE STATISTICS 
  STORAGE(INITIAL 65536 NEXT 1048576 MINEXTENTS 1 MAXEXTENTS 2147483645
  PCTINCREASE 0 FREELISTS 1 FREELIST GROUPS 1 BUFFER_POOL DEFAULT FLASH_CACHE DEFAULT CELL_FLASH_CACHE DEFAULT)
  TABLESPACE "TFG_UBU"  ENABLE
  ALTER TABLE "TFG"."PROYECTO" MODIFY ("RESPONSABLE" NOT NULL ENABLE)
  ALTER TABLE "TFG"."PROYECTO" MODIFY ("TITULO" NOT NULL ENABLE)
  ALTER TABLE "TFG"."PROYECTO" MODIFY ("ORGANICA" NOT NULL ENABLE)
--------------------------------------------------------
--  Constraints for Table RESPONSABLE
--------------------------------------------------------

  ALTER TABLE "TFG"."RESPONSABLE" ADD CONSTRAINT "RESPONSABLE_PK" PRIMARY KEY ("DNI")
  USING INDEX PCTFREE 10 INITRANS 2 MAXTRANS 255 COMPUTE STATISTICS 
  STORAGE(INITIAL 65536 NEXT 1048576 MINEXTENTS 1 MAXEXTENTS 2147483645
  PCTINCREASE 0 FREELISTS 1 FREELIST GROUPS 1 BUFFER_POOL DEFAULT FLASH_CACHE DEFAULT CELL_FLASH_CACHE DEFAULT)
  TABLESPACE "TFG_UBU"  ENABLE
  ALTER TABLE "TFG"."RESPONSABLE" MODIFY ("NOMBRE" NOT NULL ENABLE)
  ALTER TABLE "TFG"."RESPONSABLE" MODIFY ("APE1" NOT NULL ENABLE)
  ALTER TABLE "TFG"."RESPONSABLE" MODIFY ("DNI" NOT NULL ENABLE)
--------------------------------------------------------
--  Constraints for Table SOLICITANTE
--------------------------------------------------------

  ALTER TABLE "TFG"."SOLICITANTE" ADD CONSTRAINT "SOLICITANTE_PK" PRIMARY KEY ("DNI_SOL")
  USING INDEX PCTFREE 10 INITRANS 2 MAXTRANS 255 COMPUTE STATISTICS 
  STORAGE(INITIAL 65536 NEXT 1048576 MINEXTENTS 1 MAXEXTENTS 2147483645
  PCTINCREASE 0 FREELISTS 1 FREELIST GROUPS 1 BUFFER_POOL DEFAULT FLASH_CACHE DEFAULT CELL_FLASH_CACHE DEFAULT)
  TABLESPACE "TFG_UBU"  ENABLE
  ALTER TABLE "TFG"."SOLICITANTE" MODIFY ("TIT_SOL" NOT NULL ENABLE)
  ALTER TABLE "TFG"."SOLICITANTE" MODIFY ("NOM_SOL" NOT NULL ENABLE)
  ALTER TABLE "TFG"."SOLICITANTE" MODIFY ("APE1_SOL" NOT NULL ENABLE)
  ALTER TABLE "TFG"."SOLICITANTE" MODIFY ("DNI_SOL" NOT NULL ENABLE)
--------------------------------------------------------
--  Ref Constraints for Table CONTRATOS
--------------------------------------------------------

  ALTER TABLE "TFG"."CONTRATOS" ADD CONSTRAINT "CONTRATOS_FK1" FOREIGN KEY ("CONTRATADO")
	  REFERENCES "TFG"."SOLICITANTE" ("DNI_SOL") ON DELETE CASCADE ENABLE
  ALTER TABLE "TFG"."CONTRATOS" ADD CONSTRAINT "CONTRATOS_FK2" FOREIGN KEY ("CONVOCATORIA")
	  REFERENCES "TFG"."CONVOCATORIA" ("REFERENCIA") ON DELETE CASCADE ENABLE
--------------------------------------------------------
--  Ref Constraints for Table CONVOCATORIA
--------------------------------------------------------

  ALTER TABLE "TFG"."CONVOCATORIA" ADD CONSTRAINT "CONVOCATORIA_FK1" FOREIGN KEY ("REF_INV")
	  REFERENCES "TFG"."RESPONSABLE" ("DNI") ON DELETE CASCADE ENABLE
  ALTER TABLE "TFG"."CONVOCATORIA" ADD CONSTRAINT "CONVOCATORIA_FK2" FOREIGN KEY ("REF_PROY")
	  REFERENCES "TFG"."PROYECTO" ("ORGANICA") ON DELETE CASCADE ENABLE
--------------------------------------------------------
--  Ref Constraints for Table NOMINA
--------------------------------------------------------

  ALTER TABLE "TFG"."NOMINA" ADD CONSTRAINT "NOMINA_FK1" FOREIGN KEY ("DNI_NOM")
	  REFERENCES "TFG"."SOLICITANTE" ("DNI_SOL") ON DELETE CASCADE ENABLE
--------------------------------------------------------
--  Ref Constraints for Table PROYECTO
--------------------------------------------------------

  ALTER TABLE "TFG"."PROYECTO" ADD CONSTRAINT "PROYECTO_FK1" FOREIGN KEY ("RESPONSABLE")
	  REFERENCES "TFG"."RESPONSABLE" ("DNI") ENABLE
--------------------------------------------------------
--  Ref Constraints for Table RESPONSABLE
--------------------------------------------------------

  ALTER TABLE "TFG"."RESPONSABLE" ADD CONSTRAINT "RESPONSABLE_FK1" FOREIGN KEY ("DEPTO")
	  REFERENCES "TFG"."DEPTOS" ("REF") ON DELETE CASCADE ENABLE
--------------------------------------------------------
--  Ref Constraints for Table SOLICITANTE
--------------------------------------------------------

  ALTER TABLE "TFG"."SOLICITANTE" ADD CONSTRAINT "SOLICITANTE_FK1" FOREIGN KEY ("REF_CON")
	  REFERENCES "TFG"."CONVOCATORIA" ("REFERENCIA") ON DELETE SET NULL ENABLE
